61BON,2015-05-04,Sessions,217
61BON,2015-05-05,Sessions,230
61BON,2015-05-06,Sessions,257
61BON,2015-05-07,Sessions,224
61BON,2015-05-08,Sessions,203
61BON,2015-05-09,Sessions,80
61BON,2015-05-10,Sessions,128
61BON,2015-05-11,Sessions,294
61BON,2015-05-12,Sessions,282
61BON,2015-05-13,Sessions,261
61BON,2015-05-14,Sessions,284
61BON,2015-05-15,Sessions,206
61BON,2015-05-16,Sessions,120
61BON,2015-05-17,Sessions,216
61BON,2015-05-18,Sessions,480
61BON,2015-05-19,Sessions,540
61BON,2015-05-20,Sessions,635
61BON,2015-05-21,Sessions,518
61BON,2015-05-22,Sessions,352
61BON,2015-05-23,Sessions,247
61BON,2015-05-24,Sessions,333
61BON,2015-05-25,Sessions,654
61BON,2015-05-26,Sessions,585
61BON,2015-05-27,Sessions,674
61BON,2015-05-28,Sessions,561
61BON,2015-05-29,Sessions,379
61BON,2015-05-30,Sessions,295
61BON,2015-05-31,Sessions,418
61BON,2015-06-01,Sessions,664
61BON,2015-06-02,Sessions,604
61BON,2015-06-03,Sessions,623
61BON,2015-06-04,Sessions,596
61BON,2015-06-05,Sessions,442
61BON,2015-06-06,Sessions,316
61BON,2015-06-07,Sessions,372
61BON,2015-06-08,Sessions,569
61BON,2015-06-09,Sessions,651
61BON,2015-06-10,Sessions,624
61BON,2015-06-11,Sessions,566
61BON,2015-06-12,Sessions,435
61BON,2015-06-13,Sessions,282
61BON,2015-06-14,Sessions,173
61BON,2015-06-15,Sessions,609
61BON,2015-06-16,Sessions,368
61BON,2015-06-17,Sessions,608
61BON,2015-06-18,Sessions,643
61BON,2015-06-19,Sessions,477
61BON,2015-06-20,Sessions,363
61BON,2015-06-21,Sessions,467
61BON,2015-06-22,Sessions,630
61BON,2015-06-23,Sessions,659
61BON,2015-06-24,Sessions,657
61BON,2015-06-25,Sessions,557
61BON,2015-06-26,Sessions,419
61BON,2015-06-27,Sessions,294
61BON,2015-06-28,Sessions,380
61BON,2015-06-29,Sessions,590
61BON,2015-06-30,Sessions,565
61BON,2015-07-01,Sessions,582
61BON,2015-07-02,Sessions,577
61BON,2015-07-03,Sessions,385
61BON,2015-07-04,Sessions,302
61BON,2015-07-05,Sessions,409
61BON,2015-07-06,Sessions,565
61BON,2015-07-07,Sessions,710
61BON,2015-07-08,Sessions,689
61BON,2015-07-09,Sessions,626
61BON,2015-07-10,Sessions,433
61BON,2015-07-11,Sessions,536
61BON,2015-07-12,Sessions,658
61BON,2015-07-13,Sessions,785
61BON,2015-07-14,Sessions,771
61BON,2015-07-15,Sessions,715
61BON,2015-07-16,Sessions,787
61BON,2015-07-17,Sessions,488
61BON,2015-07-18,Sessions,286
61BON,2015-07-19,Sessions,503
61BON,2015-07-20,Sessions,633
61BON,2015-07-21,Sessions,661
61BON,2015-07-22,Sessions,692
61BON,2015-07-23,Sessions,712
61BON,2015-07-24,Sessions,406
61BON,2015-07-25,Sessions,333
61BON,2015-07-26,Sessions,481
61BON,2015-07-27,Sessions,695
61BON,2015-07-28,Sessions,648
61BON,2015-07-29,Sessions,649
61BON,2015-07-30,Sessions,683
61BON,2015-07-31,Sessions,504
61BON,2015-08-01,Sessions,419
61BON,2015-08-02,Sessions,501
61BON,2015-08-03,Sessions,697
61BON,2015-08-04,Sessions,627
61BON,2015-08-05,Sessions,633
61BON,2015-08-06,Sessions,711
61BON,2015-08-07,Sessions,491
61BON,2015-08-08,Sessions,276
61BON,2015-08-09,Sessions,462
61BON,2015-08-10,Sessions,448
61BON,2015-08-11,Sessions,388
61BON,2015-08-12,Sessions,368
61BON,2015-08-13,Sessions,342
61BON,2015-08-14,Sessions,254
61BON,2015-08-15,Sessions,184
61BON,2015-08-16,Sessions,259
61BON,2015-08-17,Sessions,345
61BON,2015-08-18,Sessions,342
61BON,2015-08-19,Sessions,277
61BON,2015-08-20,Sessions,260
61BON,2015-08-21,Sessions,162
61BON,2015-08-22,Sessions,73
61BON,2015-08-23,Sessions,140
61BON,2015-08-24,Sessions,220
61BON,2015-08-25,Sessions,222
61BON,2015-08-26,Sessions,227
61BON,2015-08-27,Sessions,191
61BON,2015-08-28,Sessions,120
61BON,2015-08-29,Sessions,105
61BON,2015-08-30,Sessions,137
61BON,2015-08-31,Sessions,259
61BON,2015-09-01,Sessions,241
61BON,2015-09-02,Sessions,238
61BON,2015-09-03,Sessions,242
61BON,2015-09-04,Sessions,174
61BON,2015-09-05,Sessions,104
61BON,2015-09-06,Sessions,147
61BON,2015-09-07,Sessions,294
61BON,2015-09-08,Sessions,335
61BON,2015-09-09,Sessions,337
61BON,2015-09-10,Sessions,339
61BON,2015-09-11,Sessions,311
61BON,2015-09-12,Sessions,125
61BON,2015-09-13,Sessions,261
61BON,2015-09-14,Sessions,497
61BON,2015-09-15,Sessions,537
61BON,2015-09-16,Sessions,569
61BON,2015-09-17,Sessions,542
61BON,2015-09-18,Sessions,367
61BON,2015-09-19,Sessions,250
61BON,2015-09-20,Sessions,333
61BON,2015-09-21,Sessions,677
61BON,2015-09-22,Sessions,631
61BON,2015-09-23,Sessions,651
61BON,2015-09-24,Sessions,542
61BON,2015-09-25,Sessions,364
61BON,2015-09-26,Sessions,281
61BON,2015-09-27,Sessions,429
61BON,2015-09-28,Sessions,687
61BON,2015-09-29,Sessions,673
61BON,2015-09-30,Sessions,708
61BON,2015-10-01,Sessions,492
61BON,2015-10-02,Sessions,442
61BON,2015-10-03,Sessions,330
61BON,2015-10-04,Sessions,476
61BON,2015-10-05,Sessions,677
61BON,2015-10-06,Sessions,824
61BON,2015-10-07,Sessions,706
61BON,2015-10-08,Sessions,694
61BON,2015-10-09,Sessions,440
61BON,2015-10-10,Sessions,428
61BON,2015-10-11,Sessions,620
61BON,2015-10-12,Sessions,939
61BON,2015-10-13,Sessions,921
61BON,2015-10-14,Sessions,896
61BON,2015-10-15,Sessions,820
61BON,2015-10-16,Sessions,534
61BON,2015-10-17,Sessions,402
61BON,2015-10-18,Sessions,537
61BON,2015-10-19,Sessions,725
61BON,2015-10-20,Sessions,734
61BON,2015-10-21,Sessions,728
61BON,2015-10-22,Sessions,645
61BON,2015-10-23,Sessions,452
61BON,2015-10-24,Sessions,461
61BON,2015-10-25,Sessions,559
61BON,2015-10-26,Sessions,870
61BON,2015-10-27,Sessions,756
61BON,2015-10-28,Sessions,779
61BON,2015-10-29,Sessions,877
61BON,2015-10-30,Sessions,565
61BON,2015-10-31,Sessions,374
61BON,2015-11-01,Sessions,486
61BON,2015-11-02,Sessions,775
61BON,2015-11-03,Sessions,744
61BON,2015-11-04,Sessions,685
61BON,2015-11-05,Sessions,633
61BON,2015-11-06,Sessions,482
61BON,2015-11-07,Sessions,484
61BON,2015-11-08,Sessions,760
61BON,2015-11-09,Sessions,1009
61BON,2015-11-10,Sessions,982
61BON,2015-11-11,Sessions,875
61BON,2015-11-12,Sessions,887
61BON,2015-11-13,Sessions,485
61BON,2015-11-14,Sessions,395
61BON,2015-11-15,Sessions,578
61BON,2015-11-16,Sessions,807
61BON,2015-11-17,Sessions,710
61BON,2015-11-18,Sessions,704
61BON,2015-11-19,Sessions,690
61BON,2015-11-20,Sessions,503
61BON,2015-11-21,Sessions,427
61BON,2015-11-22,Sessions,636
61BON,2015-11-23,Sessions,741
61BON,2015-11-24,Sessions,716
61BON,2015-11-25,Sessions,679
61BON,2015-11-26,Sessions,640
61BON,2015-11-27,Sessions,491
61BON,2015-11-28,Sessions,379
61BON,2015-11-29,Sessions,551
61BON,2015-11-30,Sessions,671
61BON,2015-12-01,Sessions,584
61BON,2015-12-02,Sessions,665
61BON,2015-12-03,Sessions,610
61BON,2015-12-04,Sessions,365
61BON,2015-12-05,Sessions,308
61BON,2015-12-06,Sessions,380
61BON,2015-12-07,Sessions,454
61BON,2015-12-08,Sessions,465
61BON,2015-12-09,Sessions,456
61BON,2015-12-10,Sessions,401
61BON,2015-12-11,Sessions,253
61BON,2015-12-12,Sessions,164
61BON,2015-12-13,Sessions,248
61BON,2015-12-14,Sessions,366
61BON,2015-12-15,Sessions,263
61BON,2015-12-16,Sessions,307
61BON,2015-12-17,Sessions,246
61BON,2015-12-18,Sessions,133
61BON,2015-12-19,Sessions,34
61BON,2015-12-20,Sessions,70
61BON,2015-12-21,Sessions,143
