61BON,2015-05-04,Basic search,536
61BON,2015-05-05,Advanced search,111
61BON,2015-05-05,Basic search,644
61BON,2015-05-06,Advanced search,54
61BON,2015-05-06,Basic search,525
61BON,2015-05-07,Advanced search,29
61BON,2015-05-07,Basic search,665
61BON,2015-05-08,Advanced search,26
61BON,2015-05-08,Basic search,460
61BON,2015-05-09,Advanced search,42
61BON,2015-05-09,Basic search,193
61BON,2015-05-10,Advanced search,28
61BON,2015-05-10,Basic search,365
61BON,2015-05-11,Advanced search,44
61BON,2015-05-11,Basic search,751
61BON,2015-05-12,Advanced search,103
61BON,2015-05-12,Basic search,555
61BON,2015-05-13,Advanced search,29
61BON,2015-05-13,Basic search,710
61BON,2015-05-14,Advanced search,32
61BON,2015-05-14,Basic search,738
61BON,2015-05-15,Advanced search,35
61BON,2015-05-15,Basic search,409
61BON,2015-05-16,Advanced search,46
61BON,2015-05-16,Basic search,269
61BON,2015-05-17,Advanced search,28
61BON,2015-05-17,Basic search,415
61BON,2015-05-18,Advanced search,100
61BON,2015-05-18,Basic search,1143
61BON,2015-05-19,Advanced search,65
61BON,2015-05-19,Basic search,1309
61BON,2015-05-20,Advanced search,84
61BON,2015-05-20,Basic search,2046
61BON,2015-05-21,Advanced search,119
61BON,2015-05-21,Basic search,1298
61BON,2015-05-22,Advanced search,68
61BON,2015-05-22,Basic search,790
61BON,2015-05-23,Advanced search,81
61BON,2015-05-23,Basic search,557
61BON,2015-05-24,Advanced search,73
61BON,2015-05-24,Basic search,597
61BON,2015-05-25,Advanced search,102
61BON,2015-05-25,Basic search,1455
61BON,2015-05-26,Advanced search,69
61BON,2015-05-26,Basic search,1219
61BON,2015-05-27,Advanced search,105
61BON,2015-05-27,Basic search,1384
61BON,2015-05-28,Advanced search,56
61BON,2015-05-28,Basic search,1102
61BON,2015-05-29,Advanced search,90
61BON,2015-05-29,Basic search,763
61BON,2015-05-30,Advanced search,70
61BON,2015-05-30,Basic search,731
61BON,2015-05-31,Advanced search,63
61BON,2015-05-31,Basic search,950
61BON,2015-06-01,Advanced search,103
61BON,2015-06-01,Basic search,1388
61BON,2015-06-02,Advanced search,111
61BON,2015-06-02,Basic search,1477
61BON,2015-06-03,Advanced search,61
61BON,2015-06-03,Basic search,1432
61BON,2015-06-04,Advanced search,82
61BON,2015-06-04,Basic search,1473
61BON,2015-06-05,Advanced search,27
61BON,2015-06-05,Basic search,1119
61BON,2015-06-06,Advanced search,48
61BON,2015-06-06,Basic search,689
61BON,2015-06-07,Advanced search,34
61BON,2015-06-07,Basic search,791
61BON,2015-06-08,Advanced search,79
61BON,2015-06-08,Basic search,1214
61BON,2015-06-09,Advanced search,154
61BON,2015-06-09,Basic search,1364
61BON,2015-06-10,Advanced search,57
61BON,2015-06-10,Basic search,1443
61BON,2015-06-11,Advanced search,125
61BON,2015-06-11,Basic search,1380
61BON,2015-06-12,Advanced search,93
61BON,2015-06-12,Basic search,982
61BON,2015-06-13,Advanced search,24
61BON,2015-06-13,Basic search,746
61BON,2015-06-14,Advanced search,17
61BON,2015-06-14,Basic search,327
61BON,2015-06-15,Advanced search,72
61BON,2015-06-15,Basic search,1470
61BON,2015-06-16,Advanced search,26
61BON,2015-06-16,Basic search,862
61BON,2015-06-17,Advanced search,91
61BON,2015-06-17,Basic search,1382
61BON,2015-06-18,Advanced search,39
61BON,2015-06-18,Basic search,1447
61BON,2015-06-19,Advanced search,52
61BON,2015-06-19,Basic search,1011
61BON,2015-06-20,Advanced search,41
61BON,2015-06-20,Basic search,831
61BON,2015-06-21,Advanced search,65
61BON,2015-06-21,Basic search,977
61BON,2015-06-22,Advanced search,43
61BON,2015-06-22,Basic search,1484
61BON,2015-06-23,Advanced search,67
61BON,2015-06-23,Basic search,1484
61BON,2015-06-24,Advanced search,105
61BON,2015-06-24,Basic search,1493
61BON,2015-06-25,Advanced search,128
61BON,2015-06-25,Basic search,1221
61BON,2015-06-26,Advanced search,71
61BON,2015-06-26,Basic search,900
61BON,2015-06-27,Advanced search,29
61BON,2015-06-27,Basic search,685
61BON,2015-06-28,Advanced search,31
61BON,2015-06-28,Basic search,900
61BON,2015-06-29,Advanced search,179
61BON,2015-06-29,Basic search,1406
61BON,2015-06-30,Advanced search,47
61BON,2015-06-30,Basic search,1254
61BON,2015-07-01,Advanced search,103
61BON,2015-07-01,Basic search,1279
61BON,2015-07-02,Advanced search,142
61BON,2015-07-02,Basic search,1251
61BON,2015-07-03,Advanced search,39
61BON,2015-07-03,Basic search,942
61BON,2015-07-04,Advanced search,24
61BON,2015-07-04,Basic search,645
61BON,2015-07-05,Advanced search,69
61BON,2015-07-05,Basic search,911
61BON,2015-07-06,Advanced search,26
61BON,2015-07-06,Basic search,1487
61BON,2015-07-07,Advanced search,207
61BON,2015-07-07,Basic search,1496
61BON,2015-07-08,Advanced search,81
61BON,2015-07-08,Basic search,1533
61BON,2015-07-09,Advanced search,78
61BON,2015-07-09,Basic search,1263
61BON,2015-07-10,Advanced search,86
61BON,2015-07-10,Basic search,980
61BON,2015-07-11,Advanced search,63
61BON,2015-07-11,Basic search,1343
61BON,2015-07-12,Advanced search,103
61BON,2015-07-12,Basic search,1471
61BON,2015-07-13,Advanced search,72
61BON,2015-07-13,Basic search,2071
61BON,2015-07-14,Advanced search,93
61BON,2015-07-14,Basic search,1748
61BON,2015-07-15,Advanced search,78
61BON,2015-07-15,Basic search,1487
61BON,2015-07-16,Advanced search,81
61BON,2015-07-16,Basic search,1767
61BON,2015-07-17,Advanced search,86
61BON,2015-07-17,Basic search,1137
61BON,2015-07-18,Advanced search,16
61BON,2015-07-18,Basic search,674
61BON,2015-07-19,Advanced search,46
61BON,2015-07-19,Basic search,1165
61BON,2015-07-20,Advanced search,41
61BON,2015-07-20,Basic search,1325
61BON,2015-07-21,Advanced search,52
61BON,2015-07-21,Basic search,1386
61BON,2015-07-22,Advanced search,85
61BON,2015-07-22,Basic search,1528
61BON,2015-07-23,Advanced search,55
61BON,2015-07-23,Basic search,1582
61BON,2015-07-24,Advanced search,85
61BON,2015-07-24,Basic search,959
61BON,2015-07-25,Advanced search,87
61BON,2015-07-25,Basic search,764
61BON,2015-07-26,Advanced search,46
61BON,2015-07-26,Basic search,989
61BON,2015-07-27,Advanced search,39
61BON,2015-07-27,Basic search,1765
61BON,2015-07-28,Advanced search,149
61BON,2015-07-28,Basic search,1678
61BON,2015-07-29,Advanced search,17
61BON,2015-07-29,Basic search,1517
61BON,2015-07-30,Advanced search,79
61BON,2015-07-30,Basic search,1485
61BON,2015-07-31,Advanced search,64
61BON,2015-07-31,Basic search,1212
61BON,2015-08-01,Advanced search,34
61BON,2015-08-01,Basic search,936
61BON,2015-08-02,Advanced search,33
61BON,2015-08-02,Basic search,1154
61BON,2015-08-03,Advanced search,79
61BON,2015-08-03,Basic search,1514
61BON,2015-08-04,Advanced search,52
61BON,2015-08-04,Basic search,1384
61BON,2015-08-05,Advanced search,14
61BON,2015-08-05,Basic search,1393
61BON,2015-08-06,Advanced search,103
61BON,2015-08-06,Basic search,1669
61BON,2015-08-07,Advanced search,53
61BON,2015-08-07,Basic search,1134
61BON,2015-08-08,Advanced search,18
61BON,2015-08-08,Basic search,591
61BON,2015-08-09,Advanced search,69
61BON,2015-08-09,Basic search,1074
61BON,2015-08-10,Advanced search,37
61BON,2015-08-10,Basic search,1043
61BON,2015-08-11,Advanced search,28
61BON,2015-08-11,Basic search,788
61BON,2015-08-12,Advanced search,37
61BON,2015-08-12,Basic search,822
61BON,2015-08-13,Advanced search,70
61BON,2015-08-13,Basic search,642
61BON,2015-08-14,Advanced search,20
61BON,2015-08-14,Basic search,496
61BON,2015-08-15,Advanced search,24
61BON,2015-08-15,Basic search,342
61BON,2015-08-16,Advanced search,33
61BON,2015-08-16,Basic search,616
61BON,2015-08-17,Advanced search,31
61BON,2015-08-17,Basic search,815
61BON,2015-08-18,Advanced search,36
61BON,2015-08-18,Basic search,799
61BON,2015-08-19,Advanced search,14
61BON,2015-08-19,Basic search,696
61BON,2015-08-20,Advanced search,16
61BON,2015-08-20,Basic search,676
61BON,2015-08-21,Advanced search,11
61BON,2015-08-21,Basic search,333
61BON,2015-08-22,Advanced search,2
61BON,2015-08-22,Basic search,136
61BON,2015-08-23,Advanced search,22
61BON,2015-08-23,Basic search,259
61BON,2015-08-24,Advanced search,15
61BON,2015-08-24,Basic search,465
61BON,2015-08-25,Advanced search,26
61BON,2015-08-25,Basic search,411
61BON,2015-08-26,Advanced search,38
61BON,2015-08-26,Basic search,460
61BON,2015-08-27,Advanced search,13
61BON,2015-08-27,Basic search,326
61BON,2015-08-28,Advanced search,6
61BON,2015-08-28,Basic search,219
61BON,2015-08-29,Advanced search,7
61BON,2015-08-29,Basic search,168
61BON,2015-08-30,Advanced search,11
61BON,2015-08-30,Basic search,311
61BON,2015-08-31,Advanced search,26
61BON,2015-08-31,Basic search,635
61BON,2015-09-01,Advanced search,27
61BON,2015-09-01,Basic search,472
61BON,2015-09-02,Advanced search,9
61BON,2015-09-02,Basic search,585
61BON,2015-09-03,Advanced search,31
61BON,2015-09-03,Basic search,517
61BON,2015-09-04,Advanced search,23
61BON,2015-09-04,Basic search,339
61BON,2015-09-05,Advanced search,4
61BON,2015-09-05,Basic search,264
61BON,2015-09-06,Advanced search,18
61BON,2015-09-06,Basic search,324
61BON,2015-09-07,Advanced search,70
61BON,2015-09-07,Basic search,718
61BON,2015-09-08,Advanced search,36
61BON,2015-09-08,Basic search,772
61BON,2015-09-09,Advanced search,37
61BON,2015-09-09,Basic search,672
61BON,2015-09-10,Advanced search,23
61BON,2015-09-10,Basic search,748
61BON,2015-09-11,Advanced search,46
61BON,2015-09-11,Basic search,770
61BON,2015-09-12,Advanced search,26
61BON,2015-09-12,Basic search,256
61BON,2015-09-13,Advanced search,12
61BON,2015-09-13,Basic search,643
61BON,2015-09-14,Advanced search,114
61BON,2015-09-14,Basic search,1366
61BON,2015-09-15,Advanced search,35
61BON,2015-09-15,Basic search,1155
61BON,2015-09-16,Advanced search,96
61BON,2015-09-16,Basic search,1181
61BON,2015-09-17,Advanced search,103
61BON,2015-09-17,Basic search,1084
61BON,2015-09-18,Advanced search,49
61BON,2015-09-18,Basic search,731
61BON,2015-09-19,Advanced search,50
61BON,2015-09-19,Basic search,482
61BON,2015-09-20,Advanced search,63
61BON,2015-09-20,Basic search,678
61BON,2015-09-21,Advanced search,70
61BON,2015-09-21,Basic search,1481
61BON,2015-09-22,Advanced search,118
61BON,2015-09-22,Basic search,1395
61BON,2015-09-23,Advanced search,67
61BON,2015-09-23,Basic search,1436
61BON,2015-09-24,Advanced search,68
61BON,2015-09-24,Basic search,1255
61BON,2015-09-25,Advanced search,52
61BON,2015-09-25,Basic search,855
61BON,2015-09-26,Advanced search,17
61BON,2015-09-26,Basic search,537
61BON,2015-09-27,Advanced search,33
61BON,2015-09-27,Basic search,889
61BON,2015-09-28,Advanced search,52
61BON,2015-09-28,Basic search,1378
61BON,2015-09-29,Advanced search,53
61BON,2015-09-29,Basic search,1503
61BON,2015-09-30,Advanced search,106
61BON,2015-09-30,Basic search,1605
61BON,2015-10-01,Advanced search,46
61BON,2015-10-01,Basic search,1109
61BON,2015-10-02,Advanced search,14
61BON,2015-10-02,Basic search,1013
61BON,2015-10-03,Advanced search,21
61BON,2015-10-03,Basic search,664
61BON,2015-10-04,Advanced search,61
61BON,2015-10-04,Basic search,1059
61BON,2015-10-05,Advanced search,76
61BON,2015-10-05,Basic search,1479
61BON,2015-10-06,Advanced search,79
61BON,2015-10-06,Basic search,1863
61BON,2015-10-07,Advanced search,79
61BON,2015-10-07,Basic search,1650
61BON,2015-10-08,Advanced search,69
61BON,2015-10-08,Basic search,1593
61BON,2015-10-09,Advanced search,59
61BON,2015-10-09,Basic search,1043
61BON,2015-10-10,Advanced search,36
61BON,2015-10-10,Basic search,912
61BON,2015-10-11,Advanced search,76
61BON,2015-10-11,Basic search,1338
61BON,2015-10-12,Advanced search,83
61BON,2015-10-12,Basic search,2104
61BON,2015-10-13,Advanced search,80
61BON,2015-10-13,Basic search,2012
61BON,2015-10-14,Advanced search,104
61BON,2015-10-14,Basic search,1867
61BON,2015-10-15,Advanced search,84
61BON,2015-10-15,Basic search,1954
61BON,2015-10-16,Advanced search,35
61BON,2015-10-16,Basic search,1121
61BON,2015-10-17,Advanced search,37
61BON,2015-10-17,Basic search,1091
61BON,2015-10-18,Advanced search,98
61BON,2015-10-18,Basic search,1130
61BON,2015-10-19,Advanced search,172
61BON,2015-10-19,Basic search,1439
61BON,2015-10-20,Advanced search,82
61BON,2015-10-20,Basic search,1503
61BON,2015-10-21,Advanced search,101
61BON,2015-10-21,Basic search,1517
61BON,2015-10-22,Advanced search,68
61BON,2015-10-22,Basic search,1388
61BON,2015-10-23,Advanced search,62
61BON,2015-10-23,Basic search,957
61BON,2015-10-24,Advanced search,95
61BON,2015-10-24,Basic search,989
61BON,2015-10-25,Advanced search,74
61BON,2015-10-25,Basic search,1223
61BON,2015-10-26,Advanced search,115
61BON,2015-10-26,Basic search,2040
61BON,2015-10-27,Advanced search,94
61BON,2015-10-27,Basic search,1731
61BON,2015-10-28,Advanced search,170
61BON,2015-10-28,Basic search,1583
61BON,2015-10-29,Advanced search,163
61BON,2015-10-29,Basic search,2100
61BON,2015-10-30,Advanced search,60
61BON,2015-10-30,Basic search,1262
61BON,2015-10-31,Advanced search,80
61BON,2015-10-31,Basic search,775
61BON,2015-11-01,Advanced search,153
61BON,2015-11-01,Basic search,877
61BON,2015-11-02,Advanced search,64
61BON,2015-11-02,Basic search,1684
61BON,2015-11-03,Advanced search,72
61BON,2015-11-03,Basic search,1568
61BON,2015-11-04,Advanced search,102
61BON,2015-11-04,Basic search,1536
61BON,2015-11-05,Advanced search,85
61BON,2015-11-05,Basic search,1425
61BON,2015-11-06,Advanced search,93
61BON,2015-11-06,Basic search,1171
61BON,2015-11-07,Advanced search,22
61BON,2015-11-07,Basic search,1093
61BON,2015-11-08,Advanced search,57
61BON,2015-11-08,Basic search,1693
61BON,2015-11-09,Advanced search,184
61BON,2015-11-09,Basic search,2162
61BON,2015-11-10,Advanced search,72
61BON,2015-11-10,Basic search,2232
61BON,2015-11-11,Advanced search,137
61BON,2015-11-11,Basic search,1935
61BON,2015-11-12,Advanced search,75
61BON,2015-11-12,Basic search,2036
61BON,2015-11-13,Advanced search,86
61BON,2015-11-13,Basic search,1066
61BON,2015-11-14,Advanced search,48
61BON,2015-11-14,Basic search,869
61BON,2015-11-15,Advanced search,28
61BON,2015-11-15,Basic search,1198
61BON,2015-11-16,Advanced search,77
61BON,2015-11-16,Basic search,1805
61BON,2015-11-17,Advanced search,63
61BON,2015-11-17,Basic search,1612
61BON,2015-11-18,Advanced search,49
61BON,2015-11-18,Basic search,1582
61BON,2015-11-19,Advanced search,105
61BON,2015-11-19,Basic search,1409
61BON,2015-11-20,Advanced search,52
61BON,2015-11-20,Basic search,1206
61BON,2015-11-21,Advanced search,12
61BON,2015-11-21,Basic search,1045
61BON,2015-11-22,Advanced search,79
61BON,2015-11-22,Basic search,1596
61BON,2015-11-23,Advanced search,94
61BON,2015-11-23,Basic search,1899
61BON,2015-11-24,Advanced search,87
61BON,2015-11-24,Basic search,1806
61BON,2015-11-25,Advanced search,40
61BON,2015-11-25,Basic search,1558
61BON,2015-11-26,Advanced search,100
61BON,2015-11-26,Basic search,1389
61BON,2015-11-27,Advanced search,70
61BON,2015-11-27,Basic search,1064
61BON,2015-11-28,Advanced search,26
61BON,2015-11-28,Basic search,778
61BON,2015-11-29,Advanced search,46
61BON,2015-11-29,Basic search,1250
61BON,2015-11-30,Advanced search,88
61BON,2015-11-30,Basic search,1459
61BON,2015-12-01,Advanced search,70
61BON,2015-12-01,Basic search,1279
61BON,2015-12-02,Advanced search,68
61BON,2015-12-02,Basic search,1571
61BON,2015-12-03,Advanced search,73
61BON,2015-12-03,Basic search,1320
61BON,2015-12-04,Advanced search,53
61BON,2015-12-04,Basic search,785
61BON,2015-12-05,Advanced search,72
61BON,2015-12-05,Basic search,601
61BON,2015-12-06,Advanced search,26
61BON,2015-12-06,Basic search,736
61BON,2015-12-07,Advanced search,81
61BON,2015-12-07,Basic search,1031
61BON,2015-12-08,Advanced search,47
61BON,2015-12-08,Basic search,1103
61BON,2015-12-09,Advanced search,147
61BON,2015-12-09,Basic search,931
61BON,2015-12-10,Advanced search,41
61BON,2015-12-10,Basic search,769
61BON,2015-12-11,Advanced search,80
61BON,2015-12-11,Basic search,621
61BON,2015-12-12,Advanced search,11
61BON,2015-12-12,Basic search,295
61BON,2015-12-13,Advanced search,5
61BON,2015-12-13,Basic search,449
61BON,2015-12-14,Advanced search,48
61BON,2015-12-14,Basic search,820
61BON,2015-12-15,Advanced search,11
61BON,2015-12-15,Basic search,681
61BON,2015-12-16,Advanced search,51
61BON,2015-12-16,Basic search,867
61BON,2015-12-17,Advanced search,28
61BON,2015-12-17,Basic search,616
61BON,2015-12-18,Advanced search,30
61BON,2015-12-18,Basic search,335
61BON,2015-12-19,Advanced search,2
61BON,2015-12-19,Basic search,61
61BON,2015-12-20,Advanced search,6
61BON,2015-12-20,Basic search,154
61BON,2015-12-21,Advanced search,25
61BON,2015-12-21,Basic search,411
