DUNEDIN,2014-01-10,Advanced search,289
DUNEDIN,2014-01-10,Basic search,740
DUNEDIN,2014-01-11,Advanced search,90
DUNEDIN,2014-01-11,Basic search,291
DUNEDIN,2014-01-12,Advanced search,249
DUNEDIN,2014-01-12,Basic search,735
DUNEDIN,2014-01-13,Advanced search,557
DUNEDIN,2014-01-13,Basic search,1309
DUNEDIN,2014-01-14,Advanced search,423
DUNEDIN,2014-01-14,Basic search,1289
DUNEDIN,2014-01-15,Advanced search,482
DUNEDIN,2014-01-15,Basic search,1068
DUNEDIN,2014-01-16,Advanced search,573
DUNEDIN,2014-01-16,Basic search,1166
DUNEDIN,2014-01-17,Advanced search,240
DUNEDIN,2014-01-17,Basic search,697
DUNEDIN,2014-01-18,Advanced search,134
DUNEDIN,2014-01-18,Basic search,273
DUNEDIN,2014-01-19,Advanced search,277
DUNEDIN,2014-01-19,Basic search,894
DUNEDIN,2014-01-20,Advanced search,487
DUNEDIN,2014-01-20,Basic search,1263
DUNEDIN,2014-01-21,Advanced search,560
DUNEDIN,2014-01-21,Basic search,1412
DUNEDIN,2014-01-22,Advanced search,554
DUNEDIN,2014-01-22,Basic search,1260
DUNEDIN,2014-01-23,Advanced search,552
DUNEDIN,2014-01-23,Basic search,1261
DUNEDIN,2014-01-24,Advanced search,369
DUNEDIN,2014-01-24,Basic search,676
DUNEDIN,2014-01-25,Advanced search,119
DUNEDIN,2014-01-25,Basic search,309
DUNEDIN,2014-01-26,Advanced search,339
DUNEDIN,2014-01-26,Basic search,781
DUNEDIN,2014-01-27,Advanced search,551
DUNEDIN,2014-01-27,Basic search,1252
DUNEDIN,2014-01-28,Advanced search,539
DUNEDIN,2014-01-28,Basic search,1177
DUNEDIN,2014-01-29,Advanced search,621
DUNEDIN,2014-01-29,Basic search,1144
DUNEDIN,2014-01-30,Advanced search,530
DUNEDIN,2014-01-30,Basic search,1281
DUNEDIN,2014-01-31,Advanced search,323
DUNEDIN,2014-01-31,Basic search,604
DUNEDIN,2014-02-01,Advanced search,174
DUNEDIN,2014-02-01,Basic search,552
DUNEDIN,2014-02-02,Advanced search,392
DUNEDIN,2014-02-02,Basic search,900
DUNEDIN,2014-02-03,Advanced search,790
DUNEDIN,2014-02-03,Basic search,1449
DUNEDIN,2014-02-04,Advanced search,589
DUNEDIN,2014-02-04,Basic search,1296
DUNEDIN,2014-02-05,Advanced search,403
DUNEDIN,2014-02-05,Basic search,994
DUNEDIN,2014-02-06,Advanced search,551
DUNEDIN,2014-02-06,Basic search,1061
DUNEDIN,2014-02-07,Advanced search,250
DUNEDIN,2014-02-07,Basic search,823
DUNEDIN,2014-02-08,Advanced search,416
DUNEDIN,2014-02-08,Basic search,493
DUNEDIN,2014-02-09,Advanced search,415
DUNEDIN,2014-02-09,Basic search,1135
DUNEDIN,2014-02-10,Advanced search,668
DUNEDIN,2014-02-10,Basic search,1539
DUNEDIN,2014-02-11,Advanced search,774
DUNEDIN,2014-02-11,Basic search,1381
DUNEDIN,2014-02-12,Advanced search,672
DUNEDIN,2014-02-12,Basic search,1352
DUNEDIN,2014-02-13,Advanced search,517
DUNEDIN,2014-02-13,Basic search,1255
DUNEDIN,2014-02-14,Advanced search,364
DUNEDIN,2014-02-14,Basic search,782
DUNEDIN,2014-02-15,Advanced search,282
DUNEDIN,2014-02-15,Basic search,802
DUNEDIN,2014-02-16,Advanced search,398
DUNEDIN,2014-02-16,Basic search,1125
DUNEDIN,2014-02-17,Advanced search,499
DUNEDIN,2014-02-17,Basic search,1365
DUNEDIN,2014-02-18,Advanced search,548
DUNEDIN,2014-02-18,Basic search,1532
DUNEDIN,2014-02-19,Advanced search,595
DUNEDIN,2014-02-19,Basic search,1540
DUNEDIN,2014-02-20,Advanced search,621
DUNEDIN,2014-02-20,Basic search,1416
DUNEDIN,2014-02-21,Advanced search,340
DUNEDIN,2014-02-21,Basic search,1098
DUNEDIN,2014-02-22,Advanced search,192
DUNEDIN,2014-02-22,Basic search,750
DUNEDIN,2014-02-23,Advanced search,379
DUNEDIN,2014-02-23,Basic search,1634
DUNEDIN,2014-02-24,Advanced search,629
DUNEDIN,2014-02-24,Basic search,3257
DUNEDIN,2014-02-25,Advanced search,1119
DUNEDIN,2014-02-25,Basic search,3526
DUNEDIN,2014-02-26,Advanced search,947
DUNEDIN,2014-02-26,Basic search,3188
DUNEDIN,2014-02-27,Advanced search,840
DUNEDIN,2014-02-27,Basic search,2787
DUNEDIN,2014-02-28,Advanced search,371
DUNEDIN,2014-02-28,Basic search,1779
DUNEDIN,2014-03-01,Advanced search,326
DUNEDIN,2014-03-01,Basic search,1310
DUNEDIN,2014-03-02,Advanced search,587
DUNEDIN,2014-03-02,Basic search,2530
DUNEDIN,2014-03-03,Advanced search,864
DUNEDIN,2014-03-03,Basic search,3915
DUNEDIN,2014-03-04,Advanced search,1060
DUNEDIN,2014-03-04,Basic search,3762
DUNEDIN,2014-03-05,Advanced search,812
DUNEDIN,2014-03-05,Basic search,3766
DUNEDIN,2014-03-06,Advanced search,1029
DUNEDIN,2014-03-06,Basic search,2878
DUNEDIN,2014-03-07,Advanced search,673
DUNEDIN,2014-03-07,Basic search,1931
DUNEDIN,2014-03-08,Advanced search,524
DUNEDIN,2014-03-08,Basic search,1578
DUNEDIN,2014-03-09,Advanced search,734
DUNEDIN,2014-03-09,Basic search,3153
DUNEDIN,2014-03-10,Advanced search,1092
DUNEDIN,2014-03-10,Basic search,4194
DUNEDIN,2014-03-11,Advanced search,832
DUNEDIN,2014-03-11,Basic search,3847
DUNEDIN,2014-03-12,Advanced search,1071
DUNEDIN,2014-03-12,Basic search,4385
DUNEDIN,2014-03-13,Advanced search,1050
DUNEDIN,2014-03-13,Basic search,3519
DUNEDIN,2014-03-14,Advanced search,557
DUNEDIN,2014-03-14,Basic search,1911
DUNEDIN,2014-03-15,Advanced search,488
DUNEDIN,2014-03-15,Basic search,1897
DUNEDIN,2014-03-16,Advanced search,795
DUNEDIN,2014-03-16,Basic search,3392
DUNEDIN,2014-03-17,Advanced search,848
DUNEDIN,2014-03-17,Basic search,4038
DUNEDIN,2014-03-18,Advanced search,1037
DUNEDIN,2014-03-18,Basic search,4521
DUNEDIN,2014-03-19,Advanced search,1043
DUNEDIN,2014-03-19,Basic search,4262
DUNEDIN,2014-03-20,Advanced search,1190
DUNEDIN,2014-03-20,Basic search,3554
DUNEDIN,2014-03-21,Advanced search,620
DUNEDIN,2014-03-21,Basic search,2559
DUNEDIN,2014-03-22,Advanced search,256
DUNEDIN,2014-03-22,Basic search,2528
DUNEDIN,2014-03-23,Advanced search,633
DUNEDIN,2014-03-23,Basic search,3950
DUNEDIN,2014-03-24,Advanced search,995
DUNEDIN,2014-03-24,Basic search,4805
DUNEDIN,2014-03-25,Advanced search,1073
DUNEDIN,2014-03-25,Basic search,4719
DUNEDIN,2014-03-26,Advanced search,926
DUNEDIN,2014-03-26,Basic search,4614
DUNEDIN,2014-03-27,Advanced search,782
DUNEDIN,2014-03-27,Basic search,3654
DUNEDIN,2014-03-28,Advanced search,479
DUNEDIN,2014-03-28,Basic search,2172
DUNEDIN,2014-03-29,Advanced search,270
DUNEDIN,2014-03-29,Basic search,2008
DUNEDIN,2014-03-30,Advanced search,794
DUNEDIN,2014-03-30,Basic search,3584
DUNEDIN,2014-03-31,Advanced search,932
DUNEDIN,2014-03-31,Basic search,4186
DUNEDIN,2014-04-01,Advanced search,860
DUNEDIN,2014-04-01,Basic search,4028
DUNEDIN,2014-04-02,Advanced search,870
DUNEDIN,2014-04-02,Basic search,4011
DUNEDIN,2014-04-03,Advanced search,979
DUNEDIN,2014-04-03,Basic search,3827
DUNEDIN,2014-04-04,Advanced search,576
DUNEDIN,2014-04-04,Basic search,2510
DUNEDIN,2014-04-05,Advanced search,448
DUNEDIN,2014-04-05,Basic search,2568
DUNEDIN,2014-04-06,Advanced search,595
DUNEDIN,2014-04-06,Basic search,3793
DUNEDIN,2014-04-07,Advanced search,1173
DUNEDIN,2014-04-07,Basic search,5097
DUNEDIN,2014-04-08,Advanced search,936
DUNEDIN,2014-04-08,Basic search,5112
DUNEDIN,2014-04-09,Advanced search,1220
DUNEDIN,2014-04-09,Basic search,5937
DUNEDIN,2014-04-10,Advanced search,1027
DUNEDIN,2014-04-10,Basic search,3840
DUNEDIN,2014-04-11,Advanced search,620
DUNEDIN,2014-04-11,Basic search,2935
DUNEDIN,2014-04-12,Advanced search,673
DUNEDIN,2014-04-12,Basic search,2251
DUNEDIN,2014-04-13,Advanced search,808
DUNEDIN,2014-04-13,Basic search,4228
DUNEDIN,2014-04-14,Advanced search,895
DUNEDIN,2014-04-14,Basic search,4031
DUNEDIN,2014-04-15,Advanced search,920
DUNEDIN,2014-04-15,Basic search,4269
DUNEDIN,2014-04-16,Advanced search,901
DUNEDIN,2014-04-16,Basic search,3811
DUNEDIN,2014-04-17,Advanced search,585
DUNEDIN,2014-04-17,Basic search,1726
DUNEDIN,2014-04-18,Advanced search,276
DUNEDIN,2014-04-18,Basic search,1150
DUNEDIN,2014-04-19,Advanced search,298
DUNEDIN,2014-04-19,Basic search,1183
DUNEDIN,2014-04-20,Advanced search,451
DUNEDIN,2014-04-20,Basic search,1528
DUNEDIN,2014-04-21,Advanced search,573
DUNEDIN,2014-04-21,Basic search,2142
DUNEDIN,2014-04-22,Advanced search,776
DUNEDIN,2014-04-22,Basic search,2956
DUNEDIN,2014-04-23,Advanced search,699
DUNEDIN,2014-04-23,Basic search,3251
DUNEDIN,2014-04-24,Advanced search,786
DUNEDIN,2014-04-24,Basic search,2389
DUNEDIN,2014-04-25,Advanced search,517
DUNEDIN,2014-04-25,Basic search,2397
DUNEDIN,2014-04-26,Advanced search,402
DUNEDIN,2014-04-26,Basic search,2244
DUNEDIN,2014-04-27,Advanced search,677
DUNEDIN,2014-04-27,Basic search,3508
DUNEDIN,2014-04-28,Advanced search,1085
DUNEDIN,2014-04-28,Basic search,4939
DUNEDIN,2014-04-29,Advanced search,1113
DUNEDIN,2014-04-29,Basic search,4651
DUNEDIN,2014-04-30,Advanced search,1339
DUNEDIN,2014-04-30,Basic search,4936
DUNEDIN,2014-05-01,Advanced search,976
DUNEDIN,2014-05-01,Basic search,4287
DUNEDIN,2014-05-02,Advanced search,809
DUNEDIN,2014-05-02,Basic search,3116
DUNEDIN,2014-05-03,Advanced search,537
DUNEDIN,2014-05-03,Basic search,2620
DUNEDIN,2014-05-04,Advanced search,781
DUNEDIN,2014-05-04,Basic search,4705
DUNEDIN,2014-05-05,Advanced search,1046
DUNEDIN,2014-05-05,Basic search,5102
DUNEDIN,2014-05-06,Advanced search,886
DUNEDIN,2014-05-06,Basic search,4953
DUNEDIN,2014-05-07,Advanced search,942
DUNEDIN,2014-05-07,Basic search,5135
DUNEDIN,2014-05-08,Advanced search,16
DUNEDIN,2014-05-08,Basic search,43
DUNEDIN,2014-05-09,Advanced search,770
DUNEDIN,2014-05-09,Basic search,3177
DUNEDIN,2014-05-10,Advanced search,489
DUNEDIN,2014-05-10,Basic search,2772
DUNEDIN,2014-05-11,Advanced search,707
DUNEDIN,2014-05-11,Basic search,4252
DUNEDIN,2014-05-12,Advanced search,846
DUNEDIN,2014-05-12,Basic search,4801
DUNEDIN,2014-05-13,Advanced search,689
DUNEDIN,2014-05-13,Basic search,4490
DUNEDIN,2014-05-14,Advanced search,747
DUNEDIN,2014-05-14,Basic search,4417
DUNEDIN,2014-05-15,Advanced search,623
DUNEDIN,2014-05-15,Basic search,3942
DUNEDIN,2014-05-16,Advanced search,589
DUNEDIN,2014-05-16,Basic search,2218
DUNEDIN,2014-05-17,Advanced search,464
DUNEDIN,2014-05-17,Basic search,1894
DUNEDIN,2014-05-18,Advanced search,462
DUNEDIN,2014-05-18,Basic search,3329
DUNEDIN,2014-05-19,Advanced search,689
DUNEDIN,2014-05-19,Basic search,3934
DUNEDIN,2014-05-20,Advanced search,662
DUNEDIN,2014-05-20,Basic search,3721
DUNEDIN,2014-05-21,Advanced search,664
DUNEDIN,2014-05-21,Basic search,3728
DUNEDIN,2014-05-22,Advanced search,608
DUNEDIN,2014-05-22,Basic search,3437
DUNEDIN,2014-05-23,Advanced search,375
DUNEDIN,2014-05-23,Basic search,2010
DUNEDIN,2014-05-24,Advanced search,242
DUNEDIN,2014-05-24,Basic search,1504
DUNEDIN,2014-05-25,Advanced search,365
DUNEDIN,2014-05-25,Basic search,2622
DUNEDIN,2014-05-26,Advanced search,663
DUNEDIN,2014-05-26,Basic search,2926
DUNEDIN,2014-05-27,Advanced search,586
DUNEDIN,2014-05-27,Basic search,3197
DUNEDIN,2014-05-28,Advanced search,539
DUNEDIN,2014-05-28,Basic search,3051
DUNEDIN,2014-05-29,Advanced search,600
DUNEDIN,2014-05-29,Basic search,2838
DUNEDIN,2014-05-30,Advanced search,394
DUNEDIN,2014-05-30,Basic search,1598
DUNEDIN,2014-05-31,Advanced search,203
DUNEDIN,2014-05-31,Basic search,1357
DUNEDIN,2014-06-01,Advanced search,219
DUNEDIN,2014-06-01,Basic search,1814
DUNEDIN,2014-06-02,Advanced search,471
DUNEDIN,2014-06-02,Basic search,2767
DUNEDIN,2014-06-03,Advanced search,626
DUNEDIN,2014-06-03,Basic search,2607
DUNEDIN,2014-06-04,Advanced search,608
DUNEDIN,2014-06-04,Basic search,2553
DUNEDIN,2014-06-05,Advanced search,702
DUNEDIN,2014-06-05,Basic search,2695
DUNEDIN,2014-06-06,Advanced search,337
DUNEDIN,2014-06-06,Basic search,1385
DUNEDIN,2014-06-07,Advanced search,253
DUNEDIN,2014-06-07,Basic search,1245
DUNEDIN,2014-06-08,Advanced search,377
DUNEDIN,2014-06-08,Basic search,1869
DUNEDIN,2014-06-09,Advanced search,568
DUNEDIN,2014-06-09,Basic search,2144
DUNEDIN,2014-06-10,Advanced search,487
DUNEDIN,2014-06-10,Basic search,2151
DUNEDIN,2014-06-11,Advanced search,573
DUNEDIN,2014-06-11,Basic search,1939
DUNEDIN,2014-06-12,Advanced search,472
DUNEDIN,2014-06-12,Basic search,1944
DUNEDIN,2014-06-13,Advanced search,317
DUNEDIN,2014-06-13,Basic search,1349
DUNEDIN,2014-06-14,Advanced search,136
DUNEDIN,2014-06-14,Basic search,784
DUNEDIN,2014-06-15,Advanced search,402
DUNEDIN,2014-06-15,Basic search,1443
DUNEDIN,2014-06-16,Advanced search,443
DUNEDIN,2014-06-16,Basic search,1900
DUNEDIN,2014-06-17,Advanced search,641
DUNEDIN,2014-06-17,Basic search,1691
DUNEDIN,2014-06-18,Advanced search,435
DUNEDIN,2014-06-18,Basic search,1406
DUNEDIN,2014-06-19,Advanced search,469
DUNEDIN,2014-06-19,Basic search,1775
DUNEDIN,2014-06-20,Advanced search,310
DUNEDIN,2014-06-20,Basic search,1059
DUNEDIN,2014-06-21,Advanced search,116
DUNEDIN,2014-06-21,Basic search,516
DUNEDIN,2014-06-22,Advanced search,311
DUNEDIN,2014-06-22,Basic search,874
DUNEDIN,2014-06-23,Advanced search,476
DUNEDIN,2014-06-23,Basic search,1226
DUNEDIN,2014-06-24,Advanced search,422
DUNEDIN,2014-06-24,Basic search,1622
DUNEDIN,2014-06-25,Advanced search,536
DUNEDIN,2014-06-25,Basic search,1428
DUNEDIN,2014-06-26,Advanced search,566
DUNEDIN,2014-06-26,Basic search,1418
DUNEDIN,2014-06-27,Advanced search,326
DUNEDIN,2014-06-27,Basic search,976
DUNEDIN,2014-06-28,Advanced search,189
DUNEDIN,2014-06-28,Basic search,451
DUNEDIN,2014-06-29,Advanced search,323
DUNEDIN,2014-06-29,Basic search,1066
DUNEDIN,2014-06-30,Advanced search,490
DUNEDIN,2014-06-30,Basic search,1679
DUNEDIN,2014-07-01,Advanced search,422
DUNEDIN,2014-07-01,Basic search,1603
DUNEDIN,2014-07-02,Advanced search,516
DUNEDIN,2014-07-02,Basic search,1526
DUNEDIN,2014-07-03,Advanced search,496
DUNEDIN,2014-07-03,Basic search,1501
DUNEDIN,2014-07-04,Advanced search,240
DUNEDIN,2014-07-04,Basic search,892
DUNEDIN,2014-07-05,Advanced search,120
DUNEDIN,2014-07-05,Basic search,710
DUNEDIN,2014-07-06,Advanced search,302
DUNEDIN,2014-07-06,Basic search,1371
DUNEDIN,2014-07-07,Advanced search,614
DUNEDIN,2014-07-07,Basic search,2645
DUNEDIN,2014-07-08,Advanced search,557
DUNEDIN,2014-07-08,Basic search,2761
DUNEDIN,2014-07-09,Advanced search,627
DUNEDIN,2014-07-09,Basic search,2797
DUNEDIN,2014-08-08,Advanced search,398
DUNEDIN,2014-08-08,Basic search,3347
DUNEDIN,2014-08-09,Advanced search,405
DUNEDIN,2014-08-09,Basic search,3133
DUNEDIN,2014-08-10,Advanced search,658
DUNEDIN,2014-08-10,Basic search,4878
DUNEDIN,2014-08-11,Advanced search,902
DUNEDIN,2014-08-11,Basic search,4918
DUNEDIN,2014-08-12,Advanced search,639
DUNEDIN,2014-08-12,Basic search,4007
DUNEDIN,2014-08-13,Advanced search,737
DUNEDIN,2014-08-13,Basic search,4865
DUNEDIN,2014-08-14,Advanced search,739
DUNEDIN,2014-08-14,Basic search,4281
DUNEDIN,2014-08-15,Advanced search,436
DUNEDIN,2014-08-15,Basic search,2727
DUNEDIN,2014-08-16,Advanced search,269
DUNEDIN,2014-08-16,Basic search,2138
DUNEDIN,2014-08-17,Advanced search,503
DUNEDIN,2014-08-17,Basic search,3598
DUNEDIN,2014-08-18,Advanced search,615
DUNEDIN,2014-08-18,Basic search,3885
DUNEDIN,2014-08-19,Advanced search,759
DUNEDIN,2014-08-19,Basic search,3875
DUNEDIN,2014-08-20,Advanced search,732
DUNEDIN,2014-08-20,Basic search,4301
DUNEDIN,2014-08-21,Advanced search,623
DUNEDIN,2014-08-21,Basic search,4220
DUNEDIN,2014-08-22,Advanced search,468
DUNEDIN,2014-08-22,Basic search,2291
DUNEDIN,2014-08-23,Advanced search,176
DUNEDIN,2014-08-23,Basic search,1108
DUNEDIN,2014-08-24,Advanced search,282
DUNEDIN,2014-08-24,Basic search,1972
DUNEDIN,2014-08-25,Advanced search,608
DUNEDIN,2014-08-25,Basic search,4589
DUNEDIN,2014-08-26,Advanced search,510
DUNEDIN,2014-08-26,Basic search,4844
DUNEDIN,2014-08-27,Advanced search,638
DUNEDIN,2014-08-27,Basic search,4823
DUNEDIN,2014-08-28,Advanced search,607
DUNEDIN,2014-08-28,Basic search,4686
DUNEDIN,2014-08-29,Advanced search,416
DUNEDIN,2014-08-29,Basic search,3357
DUNEDIN,2014-08-30,Advanced search,199
DUNEDIN,2014-08-30,Basic search,3090
DUNEDIN,2014-08-31,Advanced search,550
DUNEDIN,2014-08-31,Basic search,5377
DUNEDIN,2014-09-01,Advanced search,702
DUNEDIN,2014-09-01,Basic search,7242
DUNEDIN,2014-09-02,Advanced search,986
DUNEDIN,2014-09-02,Basic search,7209
DUNEDIN,2014-09-03,Advanced search,756
DUNEDIN,2014-09-03,Basic search,7098
DUNEDIN,2014-09-04,Advanced search,776
DUNEDIN,2014-09-04,Basic search,6836
DUNEDIN,2014-09-05,Advanced search,482
DUNEDIN,2014-09-05,Basic search,4627
DUNEDIN,2014-09-06,Advanced search,309
DUNEDIN,2014-09-06,Basic search,4490
DUNEDIN,2014-09-07,Advanced search,511
DUNEDIN,2014-09-07,Basic search,7026
DUNEDIN,2014-09-08,Advanced search,698
DUNEDIN,2014-09-08,Basic search,7826
DUNEDIN,2014-09-09,Advanced search,656
DUNEDIN,2014-09-09,Basic search,7926
DUNEDIN,2014-09-10,Advanced search,702
DUNEDIN,2014-09-10,Basic search,7513
DUNEDIN,2014-09-11,Advanced search,629
DUNEDIN,2014-09-11,Basic search,6955
DUNEDIN,2014-09-12,Advanced search,450
DUNEDIN,2014-09-12,Basic search,4535
DUNEDIN,2014-09-13,Advanced search,270
DUNEDIN,2014-09-13,Basic search,3998
DUNEDIN,2014-09-14,Advanced search,557
DUNEDIN,2014-09-14,Basic search,5757
DUNEDIN,2014-09-15,Advanced search,765
DUNEDIN,2014-09-15,Basic search,7620
DUNEDIN,2014-09-16,Advanced search,825
DUNEDIN,2014-09-16,Basic search,7524
DUNEDIN,2014-09-17,Advanced search,683
DUNEDIN,2014-09-17,Basic search,7286
DUNEDIN,2014-09-18,Advanced search,599
DUNEDIN,2014-09-18,Basic search,6122
DUNEDIN,2014-09-19,Advanced search,443
DUNEDIN,2014-09-19,Basic search,4268
DUNEDIN,2014-09-20,Advanced search,255
DUNEDIN,2014-09-20,Basic search,3177
DUNEDIN,2014-09-21,Advanced search,526
DUNEDIN,2014-09-21,Basic search,5761
DUNEDIN,2014-09-22,Advanced search,629
DUNEDIN,2014-09-22,Basic search,6546
DUNEDIN,2014-09-23,Advanced search,518
DUNEDIN,2014-09-23,Basic search,6105
DUNEDIN,2014-09-24,Advanced search,498
DUNEDIN,2014-09-24,Basic search,5702
DUNEDIN,2014-09-25,Advanced search,572
DUNEDIN,2014-09-25,Basic search,5435
DUNEDIN,2014-09-26,Advanced search,434
DUNEDIN,2014-09-26,Basic search,3790
DUNEDIN,2014-09-27,Advanced search,307
DUNEDIN,2014-09-27,Basic search,3676
DUNEDIN,2014-09-28,Advanced search,444
DUNEDIN,2014-09-28,Basic search,5669
DUNEDIN,2014-09-29,Advanced search,571
DUNEDIN,2014-09-29,Basic search,5544
DUNEDIN,2014-09-30,Advanced search,545
DUNEDIN,2014-09-30,Basic search,5122
DUNEDIN,2014-10-01,Advanced search,528
DUNEDIN,2014-10-01,Basic search,4530
DUNEDIN,2014-10-02,Advanced search,490
DUNEDIN,2014-10-02,Basic search,4293
DUNEDIN,2014-10-03,Advanced search,359
DUNEDIN,2014-10-03,Basic search,2846
DUNEDIN,2014-10-04,Advanced search,261
DUNEDIN,2014-10-04,Basic search,2693
DUNEDIN,2014-10-05,Advanced search,548
DUNEDIN,2014-10-05,Basic search,4240
DUNEDIN,2014-10-06,Advanced search,537
DUNEDIN,2014-10-06,Basic search,5035
DUNEDIN,2014-10-07,Advanced search,868
DUNEDIN,2014-10-07,Basic search,4843
DUNEDIN,2014-10-08,Advanced search,426
DUNEDIN,2014-10-08,Basic search,4666
DUNEDIN,2014-10-09,Advanced search,687
DUNEDIN,2014-10-09,Basic search,4632
DUNEDIN,2014-10-10,Advanced search,289
DUNEDIN,2014-10-10,Basic search,2601
DUNEDIN,2014-10-11,Advanced search,235
DUNEDIN,2014-10-11,Basic search,2603
DUNEDIN,2014-10-12,Advanced search,320
DUNEDIN,2014-10-12,Basic search,3879
DUNEDIN,2014-10-13,Advanced search,423
DUNEDIN,2014-10-13,Basic search,3447
DUNEDIN,2014-10-14,Advanced search,427
DUNEDIN,2014-10-14,Basic search,3546
DUNEDIN,2014-10-15,Advanced search,483
DUNEDIN,2014-10-15,Basic search,2870
DUNEDIN,2014-10-16,Advanced search,476
DUNEDIN,2014-10-16,Basic search,2844
DUNEDIN,2014-10-17,Advanced search,276
DUNEDIN,2014-10-17,Basic search,1902
DUNEDIN,2014-10-18,Advanced search,218
DUNEDIN,2014-10-18,Basic search,2111
DUNEDIN,2014-10-19,Advanced search,340
DUNEDIN,2014-10-19,Basic search,2980
DUNEDIN,2014-10-20,Advanced search,442
DUNEDIN,2014-10-20,Basic search,3500
DUNEDIN,2014-10-21,Advanced search,334
DUNEDIN,2014-10-21,Basic search,3220
DUNEDIN,2014-10-22,Advanced search,345
DUNEDIN,2014-10-22,Basic search,3199
DUNEDIN,2014-10-23,Advanced search,383
DUNEDIN,2014-10-23,Basic search,2645
DUNEDIN,2014-10-24,Advanced search,197
DUNEDIN,2014-10-24,Basic search,1643
DUNEDIN,2014-10-25,Advanced search,122
DUNEDIN,2014-10-25,Basic search,1315
DUNEDIN,2014-10-26,Advanced search,221
DUNEDIN,2014-10-26,Basic search,1849
DUNEDIN,2014-10-27,Advanced search,378
DUNEDIN,2014-10-27,Basic search,2799
DUNEDIN,2014-10-28,Advanced search,417
DUNEDIN,2014-10-28,Basic search,2356
DUNEDIN,2014-10-29,Advanced search,347
DUNEDIN,2014-10-29,Basic search,2106
DUNEDIN,2014-10-30,Advanced search,430
DUNEDIN,2014-10-30,Basic search,2397
DUNEDIN,2014-10-31,Advanced search,164
DUNEDIN,2014-10-31,Basic search,1518
DUNEDIN,2014-11-01,Advanced search,131
DUNEDIN,2014-11-01,Basic search,1163
DUNEDIN,2014-11-02,Advanced search,327
DUNEDIN,2014-11-02,Basic search,2145
DUNEDIN,2014-11-03,Advanced search,499
DUNEDIN,2014-11-03,Basic search,2446
DUNEDIN,2014-11-04,Advanced search,199
DUNEDIN,2014-11-04,Basic search,941
DUNEDIN,2014-11-07,Advanced search,248
DUNEDIN,2014-11-07,Basic search,1735
DUNEDIN,2014-11-08,Advanced search,54
DUNEDIN,2014-11-08,Basic search,696
DUNEDIN,2014-11-09,Advanced search,270
DUNEDIN,2014-11-09,Basic search,1288
DUNEDIN,2014-11-10,Advanced search,366
DUNEDIN,2014-11-10,Basic search,1851
DUNEDIN,2014-11-11,Advanced search,398
DUNEDIN,2014-11-11,Basic search,1915
DUNEDIN,2014-11-12,Advanced search,333
DUNEDIN,2014-11-12,Basic search,1686
DUNEDIN,2014-11-13,Advanced search,509
DUNEDIN,2014-11-13,Basic search,1818
DUNEDIN,2014-11-14,Advanced search,279
DUNEDIN,2014-11-14,Basic search,1014
DUNEDIN,2014-11-15,Advanced search,95
DUNEDIN,2014-11-15,Basic search,563
DUNEDIN,2014-11-16,Advanced search,273
DUNEDIN,2014-11-16,Basic search,1480
DUNEDIN,2014-11-17,Advanced search,493
DUNEDIN,2014-11-17,Basic search,2022
DUNEDIN,2014-11-18,Advanced search,416
DUNEDIN,2014-11-18,Basic search,1674
DUNEDIN,2014-11-19,Advanced search,416
DUNEDIN,2014-11-19,Basic search,2139
DUNEDIN,2014-11-20,Advanced search,518
DUNEDIN,2014-11-20,Basic search,1683
DUNEDIN,2014-11-21,Advanced search,379
DUNEDIN,2014-11-21,Basic search,1204
DUNEDIN,2014-11-22,Advanced search,86
DUNEDIN,2014-11-22,Basic search,427
DUNEDIN,2014-11-23,Advanced search,270
DUNEDIN,2014-11-23,Basic search,1357
DUNEDIN,2014-11-24,Advanced search,277
DUNEDIN,2014-11-24,Basic search,1535
DUNEDIN,2014-11-25,Advanced search,476
DUNEDIN,2014-11-25,Basic search,2090
DUNEDIN,2014-11-26,Advanced search,452
DUNEDIN,2014-11-26,Basic search,1548
DUNEDIN,2014-11-27,Advanced search,420
DUNEDIN,2014-11-27,Basic search,1889
DUNEDIN,2014-11-28,Advanced search,294
DUNEDIN,2014-11-28,Basic search,1010
DUNEDIN,2014-11-29,Advanced search,34
DUNEDIN,2014-11-29,Basic search,88
DUNEDIN,2014-11-30,Advanced search,296
DUNEDIN,2014-11-30,Basic search,1296
DUNEDIN,2014-12-01,Advanced search,621
DUNEDIN,2014-12-01,Basic search,1704
DUNEDIN,2014-12-02,Advanced search,315
DUNEDIN,2014-12-02,Basic search,1561
DUNEDIN,2014-12-03,Advanced search,226
DUNEDIN,2014-12-03,Basic search,1603
DUNEDIN,2014-12-04,Advanced search,288
DUNEDIN,2014-12-04,Basic search,1624
DUNEDIN,2014-12-05,Advanced search,182
DUNEDIN,2014-12-05,Basic search,871
DUNEDIN,2014-12-06,Advanced search,146
DUNEDIN,2014-12-06,Basic search,566
DUNEDIN,2014-12-07,Advanced search,284
DUNEDIN,2014-12-07,Basic search,1195
DUNEDIN,2014-12-08,Advanced search,618
DUNEDIN,2014-12-08,Basic search,1728
DUNEDIN,2014-12-09,Advanced search,376
DUNEDIN,2014-12-09,Basic search,1753
DUNEDIN,2014-12-10,Advanced search,306
DUNEDIN,2014-12-10,Basic search,1878
DUNEDIN,2014-12-11,Advanced search,287
DUNEDIN,2014-12-11,Basic search,1528
DUNEDIN,2014-12-12,Advanced search,175
DUNEDIN,2014-12-12,Basic search,1054
DUNEDIN,2014-12-13,Advanced search,37
DUNEDIN,2014-12-13,Basic search,410
DUNEDIN,2014-12-14,Advanced search,268
DUNEDIN,2014-12-14,Basic search,949
DUNEDIN,2014-12-15,Advanced search,347
DUNEDIN,2014-12-15,Basic search,1623
DUNEDIN,2014-12-16,Advanced search,294
DUNEDIN,2014-12-16,Basic search,1530
DUNEDIN,2014-12-17,Advanced search,301
DUNEDIN,2014-12-17,Basic search,1231
DUNEDIN,2014-12-18,Advanced search,334
DUNEDIN,2014-12-18,Basic search,1149
DUNEDIN,2014-12-19,Advanced search,146
DUNEDIN,2014-12-19,Basic search,828
DUNEDIN,2014-12-20,Advanced search,79
DUNEDIN,2014-12-20,Basic search,463
DUNEDIN,2014-12-21,Advanced search,277
DUNEDIN,2014-12-21,Basic search,778
DUNEDIN,2014-12-22,Advanced search,290
DUNEDIN,2014-12-22,Basic search,1168
DUNEDIN,2014-12-23,Advanced search,108
DUNEDIN,2014-12-23,Basic search,443
DUNEDIN,2014-12-24,Advanced search,27
DUNEDIN,2014-12-24,Basic search,249
DUNEDIN,2014-12-25,Advanced search,57
DUNEDIN,2014-12-25,Basic search,136
DUNEDIN,2014-12-26,Advanced search,103
DUNEDIN,2014-12-26,Basic search,237
DUNEDIN,2014-12-27,Advanced search,130
DUNEDIN,2014-12-27,Basic search,379
DUNEDIN,2014-12-28,Advanced search,185
DUNEDIN,2014-12-28,Basic search,322
DUNEDIN,2014-12-29,Advanced search,103
DUNEDIN,2014-12-29,Basic search,409
DUNEDIN,2014-12-30,Advanced search,170
DUNEDIN,2014-12-30,Basic search,449
DUNEDIN,2014-12-31,Advanced search,90
DUNEDIN,2014-12-31,Basic search,230
DUNEDIN,2015-01-01,Advanced search,91
DUNEDIN,2015-01-01,Basic search,282
DUNEDIN,2015-01-02,Advanced search,137
DUNEDIN,2015-01-02,Basic search,422
DUNEDIN,2015-01-03,Advanced search,101
DUNEDIN,2015-01-03,Basic search,338
DUNEDIN,2015-01-04,Advanced search,313
DUNEDIN,2015-01-04,Basic search,926
DUNEDIN,2015-01-05,Advanced search,567
DUNEDIN,2015-01-05,Basic search,1788
DUNEDIN,2015-01-06,Advanced search,531
DUNEDIN,2015-01-06,Basic search,1794
DUNEDIN,2015-01-07,Advanced search,362
DUNEDIN,2015-01-07,Basic search,1589
DUNEDIN,2015-01-08,Advanced search,296
DUNEDIN,2015-01-08,Basic search,1428
DUNEDIN,2015-01-09,Advanced search,181
DUNEDIN,2015-01-09,Basic search,986
DUNEDIN,2015-01-10,Advanced search,121
DUNEDIN,2015-01-10,Basic search,526
DUNEDIN,2015-01-11,Advanced search,252
DUNEDIN,2015-01-11,Basic search,1104
DUNEDIN,2015-01-12,Advanced search,500
DUNEDIN,2015-01-12,Basic search,1878
DUNEDIN,2015-01-13,Advanced search,459
DUNEDIN,2015-01-13,Basic search,1902
DUNEDIN,2015-01-14,Advanced search,452
DUNEDIN,2015-01-14,Basic search,1863
DUNEDIN,2015-01-15,Advanced search,430
DUNEDIN,2015-01-15,Basic search,1946
DUNEDIN,2015-01-16,Advanced search,212
DUNEDIN,2015-01-16,Basic search,1173
DUNEDIN,2015-01-17,Advanced search,130
DUNEDIN,2015-01-17,Basic search,795
DUNEDIN,2015-01-18,Advanced search,203
DUNEDIN,2015-01-18,Basic search,1615
DUNEDIN,2015-01-19,Advanced search,574
DUNEDIN,2015-01-19,Basic search,2253
DUNEDIN,2015-01-20,Advanced search,569
DUNEDIN,2015-01-20,Basic search,2394
DUNEDIN,2015-01-21,Advanced search,604
DUNEDIN,2015-01-21,Basic search,2166
DUNEDIN,2015-01-22,Advanced search,407
DUNEDIN,2015-01-22,Basic search,1866
DUNEDIN,2015-01-23,Advanced search,260
DUNEDIN,2015-01-23,Basic search,1003
DUNEDIN,2015-01-24,Advanced search,90
DUNEDIN,2015-01-24,Basic search,593
DUNEDIN,2015-01-25,Advanced search,316
DUNEDIN,2015-01-25,Basic search,1457
DUNEDIN,2015-01-26,Advanced search,495
DUNEDIN,2015-01-26,Basic search,2139
DUNEDIN,2015-01-27,Advanced search,563
DUNEDIN,2015-01-27,Basic search,2361
DUNEDIN,2015-01-28,Advanced search,558
DUNEDIN,2015-01-28,Basic search,2290
DUNEDIN,2015-01-29,Advanced search,502
DUNEDIN,2015-01-29,Basic search,2190
DUNEDIN,2015-01-30,Advanced search,340
DUNEDIN,2015-01-30,Basic search,1505
DUNEDIN,2015-01-31,Advanced search,188
DUNEDIN,2015-01-31,Basic search,1141
DUNEDIN,2015-02-01,Advanced search,384
DUNEDIN,2015-02-01,Basic search,1927
DUNEDIN,2015-02-02,Advanced search,593
DUNEDIN,2015-02-02,Basic search,2968
DUNEDIN,2015-02-03,Advanced search,491
DUNEDIN,2015-02-03,Basic search,2665
DUNEDIN,2015-02-04,Advanced search,366
DUNEDIN,2015-02-04,Basic search,2770
DUNEDIN,2015-02-05,Advanced search,341
DUNEDIN,2015-02-05,Basic search,1507
DUNEDIN,2015-02-06,Advanced search,186
DUNEDIN,2015-02-06,Basic search,933
DUNEDIN,2015-02-07,Advanced search,94
DUNEDIN,2015-02-07,Basic search,1030
DUNEDIN,2015-02-08,Advanced search,249
DUNEDIN,2015-02-08,Basic search,1651
DUNEDIN,2015-02-09,Advanced search,532
DUNEDIN,2015-02-09,Basic search,2388
DUNEDIN,2015-02-10,Advanced search,416
DUNEDIN,2015-02-10,Basic search,2225
DUNEDIN,2015-02-11,Advanced search,395
DUNEDIN,2015-02-11,Basic search,2136
DUNEDIN,2015-02-12,Advanced search,436
DUNEDIN,2015-02-12,Basic search,2272
DUNEDIN,2015-02-13,Advanced search,296
DUNEDIN,2015-02-13,Basic search,1563
DUNEDIN,2015-02-14,Advanced search,232
DUNEDIN,2015-02-14,Basic search,1060
DUNEDIN,2015-02-15,Advanced search,350
DUNEDIN,2015-02-15,Basic search,2056
DUNEDIN,2015-02-16,Advanced search,404
DUNEDIN,2015-02-16,Basic search,2385
DUNEDIN,2015-02-17,Advanced search,343
DUNEDIN,2015-02-17,Basic search,2655
DUNEDIN,2015-02-18,Advanced search,480
DUNEDIN,2015-02-18,Basic search,2729
DUNEDIN,2015-02-19,Advanced search,274
DUNEDIN,2015-02-19,Basic search,2555
DUNEDIN,2015-02-20,Advanced search,220
DUNEDIN,2015-02-20,Basic search,2191
DUNEDIN,2015-02-21,Advanced search,193
DUNEDIN,2015-02-21,Basic search,1498
DUNEDIN,2015-02-22,Advanced search,286
DUNEDIN,2015-02-22,Basic search,3425
DUNEDIN,2015-02-23,Advanced search,508
DUNEDIN,2015-02-23,Basic search,6489
DUNEDIN,2015-02-24,Advanced search,443
DUNEDIN,2015-02-24,Basic search,6224
DUNEDIN,2015-02-25,Advanced search,348
DUNEDIN,2015-02-25,Basic search,5255
DUNEDIN,2015-02-26,Advanced search,334
DUNEDIN,2015-02-26,Basic search,4714
DUNEDIN,2015-02-27,Advanced search,297
DUNEDIN,2015-02-27,Basic search,3264
DUNEDIN,2015-02-28,Advanced search,275
DUNEDIN,2015-02-28,Basic search,2635
DUNEDIN,2015-03-01,Advanced search,308
DUNEDIN,2015-03-01,Basic search,5675
DUNEDIN,2015-03-02,Advanced search,545
DUNEDIN,2015-03-02,Basic search,6892
DUNEDIN,2015-03-03,Advanced search,617
DUNEDIN,2015-03-03,Basic search,6048
DUNEDIN,2015-03-04,Advanced search,479
DUNEDIN,2015-03-04,Basic search,5871
DUNEDIN,2015-03-05,Advanced search,814
DUNEDIN,2015-03-05,Basic search,5889
DUNEDIN,2015-03-06,Advanced search,404
DUNEDIN,2015-03-06,Basic search,3626
DUNEDIN,2015-03-07,Advanced search,393
DUNEDIN,2015-03-07,Basic search,3669
DUNEDIN,2015-03-08,Advanced search,966
DUNEDIN,2015-03-08,Basic search,6440
DUNEDIN,2015-03-09,Advanced search,638
DUNEDIN,2015-03-09,Basic search,7142
DUNEDIN,2015-03-10,Advanced search,618
DUNEDIN,2015-03-10,Basic search,6727
DUNEDIN,2015-03-11,Advanced search,694
DUNEDIN,2015-03-11,Basic search,7179
DUNEDIN,2015-03-12,Advanced search,604
DUNEDIN,2015-03-12,Basic search,5548
DUNEDIN,2015-03-13,Advanced search,367
DUNEDIN,2015-03-13,Basic search,3863
DUNEDIN,2015-03-14,Advanced search,294
DUNEDIN,2015-03-14,Basic search,3545
DUNEDIN,2015-03-15,Advanced search,606
DUNEDIN,2015-03-15,Basic search,6179
DUNEDIN,2015-03-16,Advanced search,921
DUNEDIN,2015-03-16,Basic search,7743
DUNEDIN,2015-03-17,Advanced search,810
DUNEDIN,2015-03-17,Basic search,6366
DUNEDIN,2015-03-18,Advanced search,967
DUNEDIN,2015-03-18,Basic search,7206
DUNEDIN,2015-03-19,Advanced search,672
DUNEDIN,2015-03-19,Basic search,7098
DUNEDIN,2015-03-20,Advanced search,405
DUNEDIN,2015-03-20,Basic search,3792
DUNEDIN,2015-03-21,Advanced search,213
DUNEDIN,2015-03-21,Basic search,3767
DUNEDIN,2015-03-22,Advanced search,741
DUNEDIN,2015-03-22,Basic search,8165
DUNEDIN,2015-03-23,Advanced search,745
DUNEDIN,2015-03-23,Basic search,8207
DUNEDIN,2015-03-24,Advanced search,743
DUNEDIN,2015-03-24,Basic search,7217
DUNEDIN,2015-03-25,Advanced search,791
DUNEDIN,2015-03-25,Basic search,7584
DUNEDIN,2015-03-26,Advanced search,725
DUNEDIN,2015-03-26,Basic search,6971
DUNEDIN,2015-03-27,Advanced search,391
DUNEDIN,2015-03-27,Basic search,4754
DUNEDIN,2015-03-28,Advanced search,333
DUNEDIN,2015-03-28,Basic search,4396
DUNEDIN,2015-03-29,Advanced search,409
DUNEDIN,2015-03-29,Basic search,6386
DUNEDIN,2015-03-30,Advanced search,611
DUNEDIN,2015-03-30,Basic search,7049
DUNEDIN,2015-03-31,Advanced search,526
DUNEDIN,2015-03-31,Basic search,7385
DUNEDIN,2015-04-01,Advanced search,580
DUNEDIN,2015-04-01,Basic search,6964
DUNEDIN,2015-04-02,Advanced search,259
DUNEDIN,2015-04-02,Basic search,2891
DUNEDIN,2015-04-03,Advanced search,136
DUNEDIN,2015-04-03,Basic search,1810
DUNEDIN,2015-04-04,Advanced search,122
DUNEDIN,2015-04-04,Basic search,2428
DUNEDIN,2015-04-05,Advanced search,251
DUNEDIN,2015-04-05,Basic search,2663
DUNEDIN,2015-04-06,Advanced search,343
DUNEDIN,2015-04-06,Basic search,3590
DUNEDIN,2015-04-07,Advanced search,282
DUNEDIN,2015-04-07,Basic search,4687
DUNEDIN,2015-04-08,Advanced search,510
DUNEDIN,2015-04-08,Basic search,5733
DUNEDIN,2015-04-09,Advanced search,353
DUNEDIN,2015-04-09,Basic search,5395
DUNEDIN,2015-04-10,Advanced search,375
DUNEDIN,2015-04-10,Basic search,3997
DUNEDIN,2015-04-11,Advanced search,262
DUNEDIN,2015-04-11,Basic search,3546
DUNEDIN,2015-04-12,Advanced search,396
DUNEDIN,2015-04-12,Basic search,6229
DUNEDIN,2015-04-13,Advanced search,712
DUNEDIN,2015-04-13,Basic search,6912
DUNEDIN,2015-04-14,Advanced search,685
DUNEDIN,2015-04-14,Basic search,6508
DUNEDIN,2015-04-15,Advanced search,467
DUNEDIN,2015-04-15,Basic search,6814
DUNEDIN,2015-04-16,Advanced search,585
DUNEDIN,2015-04-16,Basic search,6478
DUNEDIN,2015-04-17,Advanced search,405
DUNEDIN,2015-04-17,Basic search,3797
DUNEDIN,2015-04-18,Advanced search,278
DUNEDIN,2015-04-18,Basic search,3276
DUNEDIN,2015-04-19,Advanced search,356
DUNEDIN,2015-04-19,Basic search,6019
DUNEDIN,2015-04-20,Advanced search,703
DUNEDIN,2015-04-20,Basic search,7633
DUNEDIN,2015-04-21,Advanced search,710
DUNEDIN,2015-04-21,Basic search,7028
DUNEDIN,2015-04-22,Advanced search,675
DUNEDIN,2015-04-22,Basic search,7237
DUNEDIN,2015-04-23,Advanced search,759
DUNEDIN,2015-04-23,Basic search,6764
DUNEDIN,2015-04-24,Advanced search,276
DUNEDIN,2015-04-24,Basic search,4296
DUNEDIN,2015-04-25,Advanced search,244
DUNEDIN,2015-04-25,Basic search,3793
DUNEDIN,2015-04-26,Advanced search,351
DUNEDIN,2015-04-26,Basic search,5742
DUNEDIN,2015-04-27,Advanced search,569
DUNEDIN,2015-04-27,Basic search,8492
DUNEDIN,2015-04-28,Advanced search,493
DUNEDIN,2015-04-28,Basic search,7205
DUNEDIN,2015-04-29,Advanced search,630
DUNEDIN,2015-04-29,Basic search,7357
DUNEDIN,2015-04-30,Advanced search,509
DUNEDIN,2015-04-30,Basic search,6407
DUNEDIN,2015-05-01,Advanced search,378
DUNEDIN,2015-05-01,Basic search,4218
DUNEDIN,2015-05-02,Advanced search,321
DUNEDIN,2015-05-02,Basic search,3584
DUNEDIN,2015-05-03,Advanced search,467
DUNEDIN,2015-05-03,Basic search,5639
DUNEDIN,2015-05-04,Advanced search,506
DUNEDIN,2015-05-04,Basic search,6845
DUNEDIN,2015-05-05,Advanced search,526
DUNEDIN,2015-05-05,Basic search,6820
DUNEDIN,2015-05-06,Advanced search,725
DUNEDIN,2015-05-06,Basic search,6941
DUNEDIN,2015-05-07,Advanced search,700
DUNEDIN,2015-05-07,Basic search,6836
DUNEDIN,2015-05-08,Advanced search,464
DUNEDIN,2015-05-08,Basic search,4709
DUNEDIN,2015-05-09,Advanced search,388
DUNEDIN,2015-05-09,Basic search,4169
DUNEDIN,2015-05-10,Advanced search,566
DUNEDIN,2015-05-10,Basic search,7045
DUNEDIN,2015-05-11,Advanced search,636
DUNEDIN,2015-05-11,Basic search,8150
DUNEDIN,2015-05-12,Advanced search,568
DUNEDIN,2015-05-12,Basic search,7975
DUNEDIN,2015-05-13,Advanced search,558
DUNEDIN,2015-05-13,Basic search,7737
DUNEDIN,2015-05-14,Advanced search,491
DUNEDIN,2015-05-14,Basic search,7144
DUNEDIN,2015-05-15,Advanced search,382
DUNEDIN,2015-05-15,Basic search,4678
DUNEDIN,2015-05-16,Advanced search,170
DUNEDIN,2015-05-16,Basic search,4218
DUNEDIN,2015-05-17,Advanced search,435
DUNEDIN,2015-05-17,Basic search,7215
DUNEDIN,2015-05-18,Advanced search,580
DUNEDIN,2015-05-18,Basic search,7032
DUNEDIN,2015-05-19,Advanced search,661
DUNEDIN,2015-05-19,Basic search,6923
DUNEDIN,2015-05-20,Advanced search,490
DUNEDIN,2015-05-20,Basic search,6177
DUNEDIN,2015-05-21,Advanced search,548
DUNEDIN,2015-05-21,Basic search,6515
DUNEDIN,2015-05-22,Advanced search,424
DUNEDIN,2015-05-22,Basic search,3854
DUNEDIN,2015-05-23,Advanced search,210
DUNEDIN,2015-05-23,Basic search,3090
DUNEDIN,2015-05-24,Advanced search,388
DUNEDIN,2015-05-24,Basic search,4325
DUNEDIN,2015-05-25,Advanced search,529
DUNEDIN,2015-05-25,Basic search,5289
DUNEDIN,2015-05-26,Advanced search,443
DUNEDIN,2015-05-26,Basic search,5212
DUNEDIN,2015-05-27,Advanced search,597
DUNEDIN,2015-05-27,Basic search,5107
DUNEDIN,2015-05-28,Advanced search,552
DUNEDIN,2015-05-28,Basic search,4883
DUNEDIN,2015-05-29,Advanced search,280
DUNEDIN,2015-05-29,Basic search,2861
DUNEDIN,2015-05-30,Advanced search,413
DUNEDIN,2015-05-30,Basic search,2265
DUNEDIN,2015-05-31,Advanced search,411
DUNEDIN,2015-05-31,Basic search,3217
DUNEDIN,2015-06-01,Advanced search,428
DUNEDIN,2015-06-01,Basic search,4301
DUNEDIN,2015-06-02,Advanced search,492
DUNEDIN,2015-06-02,Basic search,4142
DUNEDIN,2015-06-03,Advanced search,370
DUNEDIN,2015-06-03,Basic search,3469
DUNEDIN,2015-06-04,Advanced search,387
DUNEDIN,2015-06-04,Basic search,4335
DUNEDIN,2015-06-05,Advanced search,289
DUNEDIN,2015-06-05,Basic search,2734
DUNEDIN,2015-06-06,Advanced search,240
DUNEDIN,2015-06-06,Basic search,2342
DUNEDIN,2015-06-07,Advanced search,280
DUNEDIN,2015-06-07,Basic search,3271
DUNEDIN,2015-06-08,Advanced search,278
DUNEDIN,2015-06-08,Basic search,3941
DUNEDIN,2015-06-09,Advanced search,404
DUNEDIN,2015-06-09,Basic search,3984
DUNEDIN,2015-06-10,Advanced search,359
DUNEDIN,2015-06-10,Basic search,3437
DUNEDIN,2015-06-11,Advanced search,375
DUNEDIN,2015-06-11,Basic search,3028
DUNEDIN,2015-06-12,Advanced search,270
DUNEDIN,2015-06-12,Basic search,2250
DUNEDIN,2015-06-13,Advanced search,178
DUNEDIN,2015-06-13,Basic search,1114
DUNEDIN,2015-06-14,Advanced search,144
DUNEDIN,2015-06-14,Basic search,1484
DUNEDIN,2015-06-15,Advanced search,224
DUNEDIN,2015-06-15,Basic search,2010
DUNEDIN,2015-06-16,Advanced search,181
DUNEDIN,2015-06-16,Basic search,1357
DUNEDIN,2015-06-17,Advanced search,360
DUNEDIN,2015-06-17,Basic search,2268
DUNEDIN,2015-06-18,Advanced search,317
DUNEDIN,2015-06-18,Basic search,2398
DUNEDIN,2015-06-19,Advanced search,114
DUNEDIN,2015-06-19,Basic search,1790
DUNEDIN,2015-06-20,Advanced search,64
DUNEDIN,2015-06-20,Basic search,971
DUNEDIN,2015-06-21,Advanced search,97
DUNEDIN,2015-06-21,Basic search,1771
DUNEDIN,2015-06-22,Advanced search,260
DUNEDIN,2015-06-22,Basic search,2662
DUNEDIN,2015-06-23,Advanced search,330
DUNEDIN,2015-06-23,Basic search,2661
DUNEDIN,2015-06-24,Advanced search,235
DUNEDIN,2015-06-24,Basic search,2551
DUNEDIN,2015-06-25,Advanced search,322
DUNEDIN,2015-06-25,Basic search,2537
DUNEDIN,2015-06-26,Advanced search,213
DUNEDIN,2015-06-26,Basic search,1873
DUNEDIN,2015-06-27,Advanced search,126
DUNEDIN,2015-06-27,Basic search,1084
DUNEDIN,2015-06-28,Advanced search,173
DUNEDIN,2015-06-28,Basic search,1996
DUNEDIN,2015-06-29,Advanced search,235
DUNEDIN,2015-06-29,Basic search,3096
DUNEDIN,2015-06-30,Advanced search,397
DUNEDIN,2015-06-30,Basic search,2810
DUNEDIN,2015-07-01,Advanced search,201
DUNEDIN,2015-07-01,Basic search,2479
DUNEDIN,2015-07-02,Advanced search,252
DUNEDIN,2015-07-02,Basic search,2701
DUNEDIN,2015-07-03,Advanced search,186
DUNEDIN,2015-07-03,Basic search,1852
DUNEDIN,2015-07-04,Advanced search,62
DUNEDIN,2015-07-04,Basic search,983
DUNEDIN,2015-07-05,Advanced search,95
DUNEDIN,2015-07-05,Basic search,2477
DUNEDIN,2015-07-06,Advanced search,389
DUNEDIN,2015-07-06,Basic search,4318
DUNEDIN,2015-07-07,Advanced search,391
DUNEDIN,2015-07-07,Basic search,4830
DUNEDIN,2015-07-08,Advanced search,342
DUNEDIN,2015-07-08,Basic search,4312
DUNEDIN,2015-07-09,Advanced search,355
DUNEDIN,2015-07-09,Basic search,4157
DUNEDIN,2015-07-10,Advanced search,216
DUNEDIN,2015-07-10,Basic search,2882
DUNEDIN,2015-07-11,Advanced search,96
DUNEDIN,2015-07-11,Basic search,2234
DUNEDIN,2015-07-12,Advanced search,279
DUNEDIN,2015-07-12,Basic search,4081
DUNEDIN,2015-07-13,Advanced search,327
DUNEDIN,2015-07-13,Basic search,5067
DUNEDIN,2015-07-14,Advanced search,386
DUNEDIN,2015-07-14,Basic search,4731
DUNEDIN,2015-07-15,Advanced search,384
DUNEDIN,2015-07-15,Basic search,4974
DUNEDIN,2015-07-16,Advanced search,285
DUNEDIN,2015-07-16,Basic search,6525
DUNEDIN,2015-07-17,Advanced search,194
DUNEDIN,2015-07-17,Basic search,2734
DUNEDIN,2015-07-18,Advanced search,233
DUNEDIN,2015-07-18,Basic search,2751
DUNEDIN,2015-07-19,Advanced search,315
DUNEDIN,2015-07-19,Basic search,4474
DUNEDIN,2015-07-20,Advanced search,507
DUNEDIN,2015-07-20,Basic search,6263
DUNEDIN,2015-07-21,Advanced search,369
DUNEDIN,2015-07-21,Basic search,6517
DUNEDIN,2015-07-22,Advanced search,429
DUNEDIN,2015-07-22,Basic search,5876
DUNEDIN,2015-07-23,Advanced search,414
DUNEDIN,2015-07-23,Basic search,5567
DUNEDIN,2015-07-24,Advanced search,288
DUNEDIN,2015-07-24,Basic search,3630
DUNEDIN,2015-07-25,Advanced search,213
DUNEDIN,2015-07-25,Basic search,2946
DUNEDIN,2015-07-26,Advanced search,370
DUNEDIN,2015-07-26,Basic search,5684
DUNEDIN,2015-07-27,Advanced search,677
DUNEDIN,2015-07-27,Basic search,7399
DUNEDIN,2015-07-28,Advanced search,575
DUNEDIN,2015-07-28,Basic search,6552
DUNEDIN,2015-07-29,Advanced search,468
DUNEDIN,2015-07-29,Basic search,7142
DUNEDIN,2015-07-30,Advanced search,437
DUNEDIN,2015-07-30,Basic search,6199
DUNEDIN,2015-07-31,Advanced search,274
DUNEDIN,2015-07-31,Basic search,4554
DUNEDIN,2015-08-01,Advanced search,249
DUNEDIN,2015-08-01,Basic search,4043
DUNEDIN,2015-08-02,Advanced search,475
DUNEDIN,2015-08-02,Basic search,6734
DUNEDIN,2015-08-03,Advanced search,533
DUNEDIN,2015-08-03,Basic search,8010
DUNEDIN,2015-08-04,Advanced search,534
DUNEDIN,2015-08-04,Basic search,8351
DUNEDIN,2015-08-05,Advanced search,765
DUNEDIN,2015-08-05,Basic search,8359
DUNEDIN,2015-08-06,Advanced search,555
DUNEDIN,2015-08-06,Basic search,7953
DUNEDIN,2015-08-07,Advanced search,397
DUNEDIN,2015-08-07,Basic search,5363
DUNEDIN,2015-08-08,Advanced search,304
DUNEDIN,2015-08-08,Basic search,4897
DUNEDIN,2015-08-09,Advanced search,388
DUNEDIN,2015-08-09,Basic search,8170
DUNEDIN,2015-08-10,Advanced search,609
DUNEDIN,2015-08-10,Basic search,9688
DUNEDIN,2015-08-11,Advanced search,491
DUNEDIN,2015-08-11,Basic search,7876
DUNEDIN,2015-08-12,Advanced search,507
DUNEDIN,2015-08-12,Basic search,7365
DUNEDIN,2015-08-13,Advanced search,803
DUNEDIN,2015-08-13,Basic search,8707
DUNEDIN,2015-08-14,Advanced search,489
DUNEDIN,2015-08-14,Basic search,5683
DUNEDIN,2015-08-15,Advanced search,228
DUNEDIN,2015-08-15,Basic search,4051
DUNEDIN,2015-08-16,Advanced search,432
DUNEDIN,2015-08-16,Basic search,6290
DUNEDIN,2015-08-17,Advanced search,570
DUNEDIN,2015-08-17,Basic search,7180
DUNEDIN,2015-08-18,Advanced search,501
DUNEDIN,2015-08-18,Basic search,7092
DUNEDIN,2015-08-19,Advanced search,518
DUNEDIN,2015-08-19,Basic search,6708
DUNEDIN,2015-08-20,Advanced search,563
DUNEDIN,2015-08-20,Basic search,6378
DUNEDIN,2015-08-21,Advanced search,320
DUNEDIN,2015-08-21,Basic search,3085
DUNEDIN,2015-08-22,Advanced search,92
DUNEDIN,2015-08-22,Basic search,2185
DUNEDIN,2015-08-23,Advanced search,246
DUNEDIN,2015-08-23,Basic search,3501
DUNEDIN,2015-08-24,Advanced search,353
DUNEDIN,2015-08-24,Basic search,4428
DUNEDIN,2015-08-25,Advanced search,323
DUNEDIN,2015-08-25,Basic search,5579
DUNEDIN,2015-08-26,Advanced search,368
DUNEDIN,2015-08-26,Basic search,5521
DUNEDIN,2015-08-27,Advanced search,327
DUNEDIN,2015-08-27,Basic search,5500
DUNEDIN,2015-08-28,Advanced search,335
DUNEDIN,2015-08-28,Basic search,4488
DUNEDIN,2015-08-29,Advanced search,242
DUNEDIN,2015-08-29,Basic search,4090
DUNEDIN,2015-08-30,Advanced search,457
DUNEDIN,2015-08-30,Basic search,6447
DUNEDIN,2015-08-31,Advanced search,506
DUNEDIN,2015-08-31,Basic search,8446
DUNEDIN,2015-09-01,Advanced search,642
DUNEDIN,2015-09-01,Basic search,8012
DUNEDIN,2015-09-02,Advanced search,633
DUNEDIN,2015-09-02,Basic search,7464
DUNEDIN,2015-09-03,Advanced search,571
DUNEDIN,2015-09-03,Basic search,7273
DUNEDIN,2015-09-04,Advanced search,385
DUNEDIN,2015-09-04,Basic search,4597
DUNEDIN,2015-09-05,Advanced search,192
DUNEDIN,2015-09-05,Basic search,4491
DUNEDIN,2015-09-06,Advanced search,390
DUNEDIN,2015-09-06,Basic search,6658
DUNEDIN,2015-09-07,Advanced search,534
DUNEDIN,2015-09-07,Basic search,8100
DUNEDIN,2015-09-08,Advanced search,592
DUNEDIN,2015-09-08,Basic search,8205
DUNEDIN,2015-09-09,Advanced search,527
DUNEDIN,2015-09-09,Basic search,7799
DUNEDIN,2015-09-10,Advanced search,514
DUNEDIN,2015-09-10,Basic search,7400
DUNEDIN,2015-09-11,Advanced search,435
DUNEDIN,2015-09-11,Basic search,5106
DUNEDIN,2015-09-12,Advanced search,234
DUNEDIN,2015-09-12,Basic search,4307
DUNEDIN,2015-09-13,Advanced search,454
DUNEDIN,2015-09-13,Basic search,7532
DUNEDIN,2015-09-14,Advanced search,730
DUNEDIN,2015-09-14,Basic search,8779
DUNEDIN,2015-09-15,Advanced search,472
DUNEDIN,2015-09-15,Basic search,8098
DUNEDIN,2015-09-16,Advanced search,494
DUNEDIN,2015-09-16,Basic search,7989
DUNEDIN,2015-09-17,Advanced search,412
DUNEDIN,2015-09-17,Basic search,6871
DUNEDIN,2015-09-18,Advanced search,484
DUNEDIN,2015-09-18,Basic search,5131
DUNEDIN,2015-09-19,Advanced search,221
DUNEDIN,2015-09-19,Basic search,4390
DUNEDIN,2015-09-20,Advanced search,283
DUNEDIN,2015-09-20,Basic search,6898
DUNEDIN,2015-09-21,Advanced search,438
DUNEDIN,2015-09-21,Basic search,7332
DUNEDIN,2015-09-22,Advanced search,475
DUNEDIN,2015-09-22,Basic search,7414
DUNEDIN,2015-09-23,Advanced search,514
DUNEDIN,2015-09-23,Basic search,7009
DUNEDIN,2015-09-24,Advanced search,389
DUNEDIN,2015-09-24,Basic search,7040
DUNEDIN,2015-09-25,Advanced search,210
DUNEDIN,2015-09-25,Basic search,4729
DUNEDIN,2015-09-26,Advanced search,195
DUNEDIN,2015-09-26,Basic search,4508
DUNEDIN,2015-09-27,Advanced search,446
DUNEDIN,2015-09-27,Basic search,5386
DUNEDIN,2015-09-28,Advanced search,569
DUNEDIN,2015-09-28,Basic search,6770
DUNEDIN,2015-09-29,Advanced search,414
DUNEDIN,2015-09-29,Basic search,6539
DUNEDIN,2015-09-30,Advanced search,376
DUNEDIN,2015-09-30,Basic search,5603
DUNEDIN,2015-10-01,Advanced search,411
DUNEDIN,2015-10-01,Basic search,5528
DUNEDIN,2015-10-02,Advanced search,269
DUNEDIN,2015-10-02,Basic search,3683
DUNEDIN,2015-10-03,Advanced search,117
DUNEDIN,2015-10-03,Basic search,3478
DUNEDIN,2015-10-04,Advanced search,233
DUNEDIN,2015-10-04,Basic search,5252
DUNEDIN,2015-10-05,Advanced search,438
DUNEDIN,2015-10-05,Basic search,5517
DUNEDIN,2015-10-06,Advanced search,315
DUNEDIN,2015-10-06,Basic search,5093
DUNEDIN,2015-10-07,Advanced search,386
DUNEDIN,2015-10-07,Basic search,4821
DUNEDIN,2015-10-08,Advanced search,285
DUNEDIN,2015-10-08,Basic search,4288
DUNEDIN,2015-10-09,Advanced search,259
DUNEDIN,2015-10-09,Basic search,3027
DUNEDIN,2015-10-10,Advanced search,163
DUNEDIN,2015-10-10,Basic search,2668
DUNEDIN,2015-10-11,Advanced search,371
DUNEDIN,2015-10-11,Basic search,4225
DUNEDIN,2015-10-12,Advanced search,422
DUNEDIN,2015-10-12,Basic search,4784
DUNEDIN,2015-10-13,Advanced search,450
DUNEDIN,2015-10-13,Basic search,3758
DUNEDIN,2015-10-14,Advanced search,468
DUNEDIN,2015-10-14,Basic search,3834
DUNEDIN,2015-10-15,Advanced search,337
DUNEDIN,2015-10-15,Basic search,3912
DUNEDIN,2015-10-16,Advanced search,227
DUNEDIN,2015-10-16,Basic search,2629
DUNEDIN,2015-10-17,Advanced search,109
DUNEDIN,2015-10-17,Basic search,2335
DUNEDIN,2015-10-18,Advanced search,294
DUNEDIN,2015-10-18,Basic search,3534
DUNEDIN,2015-10-19,Advanced search,517
DUNEDIN,2015-10-19,Basic search,3828
DUNEDIN,2015-10-20,Advanced search,435
DUNEDIN,2015-10-20,Basic search,3948
DUNEDIN,2015-10-21,Advanced search,422
DUNEDIN,2015-10-21,Basic search,3896
DUNEDIN,2015-10-22,Advanced search,312
DUNEDIN,2015-10-22,Basic search,3179
DUNEDIN,2015-10-23,Advanced search,113
DUNEDIN,2015-10-23,Basic search,1699
DUNEDIN,2015-10-24,Advanced search,102
DUNEDIN,2015-10-24,Basic search,1780
DUNEDIN,2015-10-25,Advanced search,78
DUNEDIN,2015-10-25,Basic search,2452
DUNEDIN,2015-10-26,Advanced search,186
DUNEDIN,2015-10-26,Basic search,3277
DUNEDIN,2015-10-27,Advanced search,267
DUNEDIN,2015-10-27,Basic search,3248
DUNEDIN,2015-10-28,Advanced search,359
DUNEDIN,2015-10-28,Basic search,3358
DUNEDIN,2015-10-29,Advanced search,265
DUNEDIN,2015-10-29,Basic search,2901
DUNEDIN,2015-10-30,Advanced search,124
DUNEDIN,2015-10-30,Basic search,1942
DUNEDIN,2015-10-31,Advanced search,63
DUNEDIN,2015-10-31,Basic search,1544
DUNEDIN,2015-11-01,Advanced search,137
DUNEDIN,2015-11-01,Basic search,2412
DUNEDIN,2015-11-02,Advanced search,276
DUNEDIN,2015-11-02,Basic search,2892
DUNEDIN,2015-11-03,Advanced search,205
DUNEDIN,2015-11-03,Basic search,2850
DUNEDIN,2015-11-04,Advanced search,240
DUNEDIN,2015-11-04,Basic search,3061
DUNEDIN,2015-11-05,Advanced search,272
DUNEDIN,2015-11-05,Basic search,2247
DUNEDIN,2015-11-06,Advanced search,212
DUNEDIN,2015-11-06,Basic search,1419
DUNEDIN,2015-11-07,Advanced search,70
DUNEDIN,2015-11-07,Basic search,893
DUNEDIN,2015-11-08,Advanced search,141
DUNEDIN,2015-11-08,Basic search,1853
DUNEDIN,2015-11-09,Advanced search,223
DUNEDIN,2015-11-09,Basic search,2903
DUNEDIN,2015-11-10,Advanced search,145
DUNEDIN,2015-11-10,Basic search,2319
DUNEDIN,2015-11-11,Advanced search,189
DUNEDIN,2015-11-11,Basic search,2160
DUNEDIN,2015-11-12,Advanced search,129
DUNEDIN,2015-11-12,Basic search,1934
DUNEDIN,2015-11-13,Advanced search,143
DUNEDIN,2015-11-13,Basic search,1215
DUNEDIN,2015-11-14,Advanced search,63
DUNEDIN,2015-11-14,Basic search,816
DUNEDIN,2015-11-15,Advanced search,114
DUNEDIN,2015-11-15,Basic search,1703
DUNEDIN,2015-11-16,Advanced search,186
DUNEDIN,2015-11-16,Basic search,2190
DUNEDIN,2015-11-17,Advanced search,178
DUNEDIN,2015-11-17,Basic search,2112
DUNEDIN,2015-11-18,Advanced search,142
DUNEDIN,2015-11-18,Basic search,2265
DUNEDIN,2015-11-19,Advanced search,176
DUNEDIN,2015-11-19,Basic search,1959
DUNEDIN,2015-11-20,Advanced search,131
DUNEDIN,2015-11-20,Basic search,1222
DUNEDIN,2015-11-21,Advanced search,38
DUNEDIN,2015-11-21,Basic search,749
DUNEDIN,2015-11-22,Advanced search,127
DUNEDIN,2015-11-22,Basic search,1648
DUNEDIN,2015-11-23,Advanced search,236
DUNEDIN,2015-11-23,Basic search,2253
DUNEDIN,2015-11-24,Advanced search,216
DUNEDIN,2015-11-24,Basic search,2417
DUNEDIN,2015-11-25,Advanced search,148
DUNEDIN,2015-11-25,Basic search,1845
DUNEDIN,2015-11-26,Advanced search,201
DUNEDIN,2015-11-26,Basic search,2051
DUNEDIN,2015-11-27,Advanced search,206
DUNEDIN,2015-11-27,Basic search,1332
DUNEDIN,2015-11-28,Advanced search,46
DUNEDIN,2015-11-28,Basic search,810
DUNEDIN,2015-11-29,Advanced search,143
DUNEDIN,2015-11-29,Basic search,1297
DUNEDIN,2015-11-30,Advanced search,185
DUNEDIN,2015-11-30,Basic search,2116
DUNEDIN,2015-12-01,Advanced search,150
DUNEDIN,2015-12-01,Basic search,2211
DUNEDIN,2015-12-02,Advanced search,209
DUNEDIN,2015-12-02,Basic search,1945
DUNEDIN,2015-12-03,Advanced search,224
DUNEDIN,2015-12-03,Basic search,1962
DUNEDIN,2015-12-04,Advanced search,107
DUNEDIN,2015-12-04,Basic search,1361
DUNEDIN,2015-12-05,Advanced search,29
DUNEDIN,2015-12-05,Basic search,582
DUNEDIN,2015-12-06,Advanced search,98
DUNEDIN,2015-12-06,Basic search,1128
DUNEDIN,2015-12-07,Advanced search,171
DUNEDIN,2015-12-07,Basic search,2252
DUNEDIN,2015-12-08,Advanced search,240
DUNEDIN,2015-12-08,Basic search,2066
DUNEDIN,2015-12-09,Advanced search,226
DUNEDIN,2015-12-09,Basic search,1814
DUNEDIN,2015-12-10,Advanced search,200
DUNEDIN,2015-12-10,Basic search,2166
DUNEDIN,2015-12-11,Advanced search,96
DUNEDIN,2015-12-11,Basic search,1096
DUNEDIN,2015-12-12,Advanced search,27
DUNEDIN,2015-12-12,Basic search,546
DUNEDIN,2015-12-13,Advanced search,130
DUNEDIN,2015-12-13,Basic search,1291
DUNEDIN,2015-12-14,Advanced search,172
DUNEDIN,2015-12-14,Basic search,2078
DUNEDIN,2015-12-15,Advanced search,107
DUNEDIN,2015-12-15,Basic search,1698
DUNEDIN,2015-12-16,Advanced search,194
DUNEDIN,2015-12-16,Basic search,1877
DUNEDIN,2015-12-17,Advanced search,162
DUNEDIN,2015-12-17,Basic search,1432
DUNEDIN,2015-12-18,Advanced search,110
DUNEDIN,2015-12-18,Basic search,920
DUNEDIN,2015-12-19,Advanced search,19
DUNEDIN,2015-12-19,Basic search,520
DUNEDIN,2015-12-20,Advanced search,106
DUNEDIN,2015-12-20,Basic search,1393
DUNEDIN,2015-12-21,Advanced search,180
DUNEDIN,2015-12-21,Basic search,1495
DUNEDIN,2015-12-22,Advanced search,168
DUNEDIN,2015-12-22,Basic search,1279
DUNEDIN,2015-12-23,Advanced search,13
DUNEDIN,2015-12-23,Basic search,510
DUNEDIN,2015-12-24,Advanced search,13
DUNEDIN,2015-12-24,Basic search,190
DUNEDIN,2015-12-25,Advanced search,19
DUNEDIN,2015-12-25,Basic search,186
DUNEDIN,2015-12-26,Advanced search,35
DUNEDIN,2015-12-26,Basic search,230
DUNEDIN,2015-12-27,Advanced search,27
DUNEDIN,2015-12-27,Basic search,438
DUNEDIN,2015-12-28,Advanced search,27
DUNEDIN,2015-12-28,Basic search,585
DUNEDIN,2015-12-29,Advanced search,30
DUNEDIN,2015-12-29,Basic search,613
DUNEDIN,2015-12-30,Advanced search,29
DUNEDIN,2015-12-30,Basic search,542
DUNEDIN,2015-12-31,Advanced search,40
DUNEDIN,2015-12-31,Basic search,367
DUNEDIN,2016-01-01,Advanced search,11
DUNEDIN,2016-01-01,Basic search,229
DUNEDIN,2016-01-02,Advanced search,21
DUNEDIN,2016-01-02,Basic search,552
DUNEDIN,2016-01-03,Advanced search,39
DUNEDIN,2016-01-03,Basic search,693
DUNEDIN,2016-01-04,Advanced search,66
DUNEDIN,2016-01-04,Basic search,1067
DUNEDIN,2016-01-05,Advanced search,133
DUNEDIN,2016-01-05,Basic search,1653
