RMIT,2014-01-10,Advanced search,152
RMIT,2014-01-10,Basic search,997
RMIT,2014-01-11,Advanced search,77
RMIT,2014-01-11,Basic search,667
RMIT,2014-01-12,Advanced search,107
RMIT,2014-01-12,Basic search,1198
RMIT,2014-01-13,Advanced search,282
RMIT,2014-01-13,Basic search,1789
RMIT,2014-01-14,Advanced search,232
RMIT,2014-01-14,Basic search,1669
RMIT,2014-01-15,Advanced search,277
RMIT,2014-01-15,Basic search,1477
RMIT,2014-01-16,Advanced search,264
RMIT,2014-01-16,Basic search,1616
RMIT,2014-01-17,Advanced search,163
RMIT,2014-01-17,Basic search,1164
RMIT,2014-01-18,Advanced search,48
RMIT,2014-01-18,Basic search,503
RMIT,2014-01-19,Advanced search,82
RMIT,2014-01-19,Basic search,924
RMIT,2014-01-20,Advanced search,515
RMIT,2014-01-20,Basic search,1850
RMIT,2014-01-21,Advanced search,344
RMIT,2014-01-21,Basic search,1772
RMIT,2014-01-22,Advanced search,349
RMIT,2014-01-22,Basic search,1765
RMIT,2014-01-23,Advanced search,200
RMIT,2014-01-23,Basic search,1774
RMIT,2014-01-24,Advanced search,190
RMIT,2014-01-24,Basic search,1278
RMIT,2014-01-25,Advanced search,74
RMIT,2014-01-25,Basic search,765
RMIT,2014-01-26,Advanced search,171
RMIT,2014-01-26,Basic search,850
RMIT,2014-01-27,Advanced search,242
RMIT,2014-01-27,Basic search,1639
RMIT,2014-01-28,Advanced search,335
RMIT,2014-01-28,Basic search,2415
RMIT,2014-01-29,Advanced search,354
RMIT,2014-01-29,Basic search,2011
RMIT,2014-01-30,Advanced search,313
RMIT,2014-01-30,Basic search,1842
RMIT,2014-01-31,Advanced search,403
RMIT,2014-01-31,Basic search,1402
RMIT,2014-02-01,Advanced search,200
RMIT,2014-02-01,Basic search,714
RMIT,2014-02-02,Advanced search,117
RMIT,2014-02-02,Basic search,1170
RMIT,2014-02-03,Advanced search,307
RMIT,2014-02-03,Basic search,2213
RMIT,2014-02-04,Advanced search,344
RMIT,2014-02-04,Basic search,2646
RMIT,2014-02-05,Advanced search,372
RMIT,2014-02-05,Basic search,3088
RMIT,2014-02-06,Advanced search,465
RMIT,2014-02-06,Basic search,3006
RMIT,2014-02-07,Advanced search,503
RMIT,2014-02-07,Basic search,2725
RMIT,2014-02-08,Advanced search,169
RMIT,2014-02-08,Basic search,1606
RMIT,2014-02-09,Advanced search,271
RMIT,2014-02-09,Basic search,2690
RMIT,2014-02-10,Advanced search,428
RMIT,2014-02-10,Basic search,3942
RMIT,2014-02-11,Advanced search,481
RMIT,2014-02-11,Basic search,4342
RMIT,2014-02-12,Advanced search,530
RMIT,2014-02-12,Basic search,4779
RMIT,2014-02-13,Advanced search,386
RMIT,2014-02-13,Basic search,4403
RMIT,2014-02-14,Advanced search,322
RMIT,2014-02-14,Basic search,3553
RMIT,2014-02-15,Advanced search,216
RMIT,2014-02-15,Basic search,2776
RMIT,2014-02-16,Advanced search,399
RMIT,2014-02-16,Basic search,4578
RMIT,2014-02-17,Advanced search,458
RMIT,2014-02-17,Basic search,5804
RMIT,2014-02-18,Advanced search,574
RMIT,2014-02-18,Basic search,6179
RMIT,2014-02-19,Advanced search,598
RMIT,2014-02-19,Basic search,7451
RMIT,2014-02-20,Advanced search,608
RMIT,2014-02-20,Basic search,7157
RMIT,2014-02-21,Advanced search,394
RMIT,2014-02-21,Basic search,5170
RMIT,2014-02-22,Advanced search,367
RMIT,2014-02-22,Basic search,3914
RMIT,2014-02-23,Advanced search,457
RMIT,2014-02-23,Basic search,5111
RMIT,2014-02-24,Advanced search,718
RMIT,2014-02-24,Basic search,5224
RMIT,2014-02-25,Advanced search,608
RMIT,2014-02-25,Basic search,5210
RMIT,2014-02-26,Advanced search,719
RMIT,2014-02-26,Basic search,6010
RMIT,2014-02-27,Advanced search,551
RMIT,2014-02-27,Basic search,5650
RMIT,2014-02-28,Advanced search,328
RMIT,2014-02-28,Basic search,4212
RMIT,2014-03-01,Advanced search,263
RMIT,2014-03-01,Basic search,3204
RMIT,2014-03-02,Advanced search,468
RMIT,2014-03-02,Basic search,4990
RMIT,2014-03-03,Advanced search,716
RMIT,2014-03-03,Basic search,7135
RMIT,2014-03-04,Advanced search,603
RMIT,2014-03-04,Basic search,6672
RMIT,2014-03-05,Advanced search,758
RMIT,2014-03-05,Basic search,7643
RMIT,2014-03-06,Advanced search,703
RMIT,2014-03-06,Basic search,7431
RMIT,2014-03-07,Advanced search,538
RMIT,2014-03-07,Basic search,5691
RMIT,2014-03-08,Advanced search,322
RMIT,2014-03-08,Basic search,3446
RMIT,2014-03-09,Advanced search,417
RMIT,2014-03-09,Basic search,4112
RMIT,2014-03-10,Advanced search,752
RMIT,2014-03-10,Basic search,6012
RMIT,2014-03-11,Advanced search,901
RMIT,2014-03-11,Basic search,8442
RMIT,2014-03-12,Advanced search,827
RMIT,2014-03-12,Basic search,8218
RMIT,2014-03-13,Advanced search,810
RMIT,2014-03-13,Basic search,6705
RMIT,2014-03-14,Advanced search,577
RMIT,2014-03-14,Basic search,5010
RMIT,2014-03-15,Advanced search,349
RMIT,2014-03-15,Basic search,4625
RMIT,2014-03-16,Advanced search,576
RMIT,2014-03-16,Basic search,5590
RMIT,2014-03-17,Advanced search,977
RMIT,2014-03-17,Basic search,8630
RMIT,2014-03-18,Advanced search,724
RMIT,2014-03-18,Basic search,8222
RMIT,2014-03-19,Advanced search,956
RMIT,2014-03-19,Basic search,8365
RMIT,2014-03-20,Advanced search,759
RMIT,2014-03-20,Basic search,8781
RMIT,2014-03-21,Advanced search,631
RMIT,2014-03-21,Basic search,6853
RMIT,2014-03-22,Advanced search,607
RMIT,2014-03-22,Basic search,6135
RMIT,2014-03-23,Advanced search,680
RMIT,2014-03-23,Basic search,7135
RMIT,2014-03-24,Advanced search,1152
RMIT,2014-03-24,Basic search,9462
RMIT,2014-03-25,Advanced search,920
RMIT,2014-03-25,Basic search,8599
RMIT,2014-03-26,Advanced search,860
RMIT,2014-03-26,Basic search,9775
RMIT,2014-03-27,Advanced search,693
RMIT,2014-03-27,Basic search,9581
RMIT,2014-03-28,Advanced search,776
RMIT,2014-03-28,Basic search,6967
RMIT,2014-03-29,Advanced search,564
RMIT,2014-03-29,Basic search,5616
RMIT,2014-03-30,Advanced search,974
RMIT,2014-03-30,Basic search,8253
RMIT,2014-03-31,Advanced search,1080
RMIT,2014-03-31,Basic search,9489
RMIT,2014-04-01,Advanced search,867
RMIT,2014-04-01,Basic search,9308
RMIT,2014-04-02,Advanced search,724
RMIT,2014-04-02,Basic search,9440
RMIT,2014-04-03,Advanced search,813
RMIT,2014-04-03,Basic search,9182
RMIT,2014-04-04,Advanced search,581
RMIT,2014-04-04,Basic search,6704
RMIT,2014-04-05,Advanced search,624
RMIT,2014-04-05,Basic search,5440
RMIT,2014-04-06,Advanced search,620
RMIT,2014-04-06,Basic search,8271
RMIT,2014-04-07,Advanced search,847
RMIT,2014-04-07,Basic search,9366
RMIT,2014-04-08,Advanced search,920
RMIT,2014-04-08,Basic search,9186
RMIT,2014-04-09,Advanced search,753
RMIT,2014-04-09,Basic search,9423
RMIT,2014-04-10,Advanced search,850
RMIT,2014-04-10,Basic search,9409
RMIT,2014-04-11,Advanced search,665
RMIT,2014-04-11,Basic search,7441
RMIT,2014-04-12,Advanced search,553
RMIT,2014-04-12,Basic search,5671
RMIT,2014-04-13,Advanced search,790
RMIT,2014-04-13,Basic search,7272
RMIT,2014-04-14,Advanced search,861
RMIT,2014-04-14,Basic search,9034
RMIT,2014-04-15,Advanced search,663
RMIT,2014-04-15,Basic search,9175
RMIT,2014-04-16,Advanced search,594
RMIT,2014-04-16,Basic search,7513
RMIT,2014-04-17,Advanced search,554
RMIT,2014-04-17,Basic search,4982
RMIT,2014-04-18,Advanced search,410
RMIT,2014-04-18,Basic search,3086
RMIT,2014-04-19,Advanced search,380
RMIT,2014-04-19,Basic search,3255
RMIT,2014-04-20,Advanced search,417
RMIT,2014-04-20,Basic search,3156
RMIT,2014-04-21,Advanced search,548
RMIT,2014-04-21,Basic search,5234
RMIT,2014-04-22,Advanced search,601
RMIT,2014-04-22,Basic search,6077
RMIT,2014-04-23,Advanced search,700
RMIT,2014-04-23,Basic search,7348
RMIT,2014-04-24,Advanced search,590
RMIT,2014-04-24,Basic search,7188
RMIT,2014-04-25,Advanced search,578
RMIT,2014-04-25,Basic search,5929
RMIT,2014-04-26,Advanced search,422
RMIT,2014-04-26,Basic search,4972
RMIT,2014-04-27,Advanced search,817
RMIT,2014-04-27,Basic search,7671
RMIT,2014-04-28,Advanced search,854
RMIT,2014-04-28,Basic search,8949
RMIT,2014-04-29,Advanced search,766
RMIT,2014-04-29,Basic search,8048
RMIT,2014-04-30,Advanced search,835
RMIT,2014-04-30,Basic search,7469
RMIT,2014-05-01,Advanced search,896
RMIT,2014-05-01,Basic search,7813
RMIT,2014-05-02,Advanced search,606
RMIT,2014-05-02,Basic search,6475
RMIT,2014-05-03,Advanced search,539
RMIT,2014-05-03,Basic search,4655
RMIT,2014-05-04,Advanced search,533
RMIT,2014-05-04,Basic search,9034
RMIT,2014-05-05,Advanced search,794
RMIT,2014-05-05,Basic search,12163
RMIT,2014-05-06,Advanced search,638
RMIT,2014-05-06,Basic search,10422
RMIT,2014-05-07,Advanced search,696
RMIT,2014-05-07,Basic search,10446
RMIT,2014-05-08,Advanced search,4
RMIT,2014-05-08,Basic search,69
RMIT,2014-05-09,Advanced search,445
RMIT,2014-05-09,Basic search,8564
RMIT,2014-05-10,Advanced search,393
RMIT,2014-05-10,Basic search,7750
RMIT,2014-05-11,Advanced search,490
RMIT,2014-05-11,Basic search,8884
RMIT,2014-05-12,Advanced search,756
RMIT,2014-05-12,Basic search,11649
RMIT,2014-05-13,Advanced search,772
RMIT,2014-05-13,Basic search,11171
RMIT,2014-05-14,Advanced search,776
RMIT,2014-05-14,Basic search,10415
RMIT,2014-05-15,Advanced search,582
RMIT,2014-05-15,Basic search,10967
RMIT,2014-05-16,Advanced search,463
RMIT,2014-05-16,Basic search,7610
RMIT,2014-05-17,Advanced search,368
RMIT,2014-05-17,Basic search,6803
RMIT,2014-05-18,Advanced search,635
RMIT,2014-05-18,Basic search,8568
RMIT,2014-05-19,Advanced search,665
RMIT,2014-05-19,Basic search,11233
RMIT,2014-05-20,Advanced search,721
RMIT,2014-05-20,Basic search,10548
RMIT,2014-05-21,Advanced search,503
RMIT,2014-05-21,Basic search,10273
RMIT,2014-05-22,Advanced search,501
RMIT,2014-05-22,Basic search,9463
RMIT,2014-05-23,Advanced search,626
RMIT,2014-05-23,Basic search,8928
RMIT,2014-05-24,Advanced search,455
RMIT,2014-05-24,Basic search,8044
RMIT,2014-05-25,Advanced search,522
RMIT,2014-05-25,Basic search,10314
RMIT,2014-05-26,Advanced search,812
RMIT,2014-05-26,Basic search,12522
RMIT,2014-05-27,Advanced search,957
RMIT,2014-05-27,Basic search,13339
RMIT,2014-05-28,Advanced search,701
RMIT,2014-05-28,Basic search,13506
RMIT,2014-05-29,Advanced search,716
RMIT,2014-05-29,Basic search,12205
RMIT,2014-05-30,Advanced search,423
RMIT,2014-05-30,Basic search,9003
RMIT,2014-05-31,Advanced search,392
RMIT,2014-05-31,Basic search,7013
RMIT,2014-06-01,Advanced search,172
RMIT,2014-06-01,Basic search,4822
RMIT,2014-06-02,Advanced search,747
RMIT,2014-06-02,Basic search,13262
RMIT,2014-06-03,Advanced search,816
RMIT,2014-06-03,Basic search,11330
RMIT,2014-06-04,Advanced search,707
RMIT,2014-06-04,Basic search,10979
RMIT,2014-06-05,Advanced search,649
RMIT,2014-06-05,Basic search,10755
RMIT,2014-06-06,Advanced search,548
RMIT,2014-06-06,Basic search,7548
RMIT,2014-06-07,Advanced search,262
RMIT,2014-06-07,Basic search,5696
RMIT,2014-06-08,Advanced search,537
RMIT,2014-06-08,Basic search,6074
RMIT,2014-06-09,Advanced search,417
RMIT,2014-06-09,Basic search,6818
RMIT,2014-06-10,Advanced search,369
RMIT,2014-06-10,Basic search,7241
RMIT,2014-06-11,Advanced search,447
RMIT,2014-06-11,Basic search,6548
RMIT,2014-06-12,Advanced search,305
RMIT,2014-06-12,Basic search,6607
RMIT,2014-06-13,Advanced search,354
RMIT,2014-06-13,Basic search,4891
RMIT,2014-06-14,Advanced search,166
RMIT,2014-06-14,Basic search,3368
RMIT,2014-06-15,Advanced search,263
RMIT,2014-06-15,Basic search,4133
RMIT,2014-06-16,Advanced search,263
RMIT,2014-06-16,Basic search,4815
RMIT,2014-06-17,Advanced search,448
RMIT,2014-06-17,Basic search,4400
RMIT,2014-06-18,Advanced search,571
RMIT,2014-06-18,Basic search,3899
RMIT,2014-06-19,Advanced search,392
RMIT,2014-06-19,Basic search,3870
RMIT,2014-06-20,Advanced search,254
RMIT,2014-06-20,Basic search,2817
RMIT,2014-06-21,Advanced search,158
RMIT,2014-06-21,Basic search,1927
RMIT,2014-06-22,Advanced search,139
RMIT,2014-06-22,Basic search,2291
RMIT,2014-06-23,Advanced search,381
RMIT,2014-06-23,Basic search,4304
RMIT,2014-06-24,Advanced search,242
RMIT,2014-06-24,Basic search,3641
RMIT,2014-06-25,Advanced search,207
RMIT,2014-06-25,Basic search,3485
RMIT,2014-06-26,Advanced search,387
RMIT,2014-06-26,Basic search,3436
RMIT,2014-06-27,Advanced search,276
RMIT,2014-06-27,Basic search,2759
RMIT,2014-06-28,Advanced search,84
RMIT,2014-06-28,Basic search,1089
RMIT,2014-06-29,Advanced search,91
RMIT,2014-06-29,Basic search,1391
RMIT,2014-06-30,Advanced search,169
RMIT,2014-06-30,Basic search,3103
RMIT,2014-07-01,Advanced search,251
RMIT,2014-07-01,Basic search,2716
RMIT,2014-07-02,Advanced search,225
RMIT,2014-07-02,Basic search,3171
RMIT,2014-07-03,Advanced search,335
RMIT,2014-07-03,Basic search,2920
RMIT,2014-07-04,Advanced search,205
RMIT,2014-07-04,Basic search,2519
RMIT,2014-07-05,Advanced search,97
RMIT,2014-07-05,Basic search,1346
RMIT,2014-07-06,Advanced search,182
RMIT,2014-07-06,Basic search,1781
RMIT,2014-07-07,Advanced search,206
RMIT,2014-07-07,Basic search,3265
RMIT,2014-07-08,Advanced search,206
RMIT,2014-07-08,Basic search,3550
RMIT,2014-07-09,Advanced search,357
RMIT,2014-07-09,Basic search,3781
RMIT,2014-08-08,Advanced search,462
RMIT,2014-08-08,Basic search,9168
RMIT,2014-08-09,Advanced search,484
RMIT,2014-08-09,Basic search,6841
RMIT,2014-08-10,Advanced search,551
RMIT,2014-08-10,Basic search,8455
RMIT,2014-08-11,Advanced search,717
RMIT,2014-08-11,Basic search,12730
RMIT,2014-08-12,Advanced search,877
RMIT,2014-08-12,Basic search,12080
RMIT,2014-08-13,Advanced search,695
RMIT,2014-08-13,Basic search,12886
RMIT,2014-08-14,Advanced search,1213
RMIT,2014-08-14,Basic search,12502
RMIT,2014-08-15,Advanced search,541
RMIT,2014-08-15,Basic search,9671
RMIT,2014-08-16,Advanced search,717
RMIT,2014-08-16,Basic search,8583
RMIT,2014-08-17,Advanced search,954
RMIT,2014-08-17,Basic search,11900
RMIT,2014-08-18,Advanced search,1152
RMIT,2014-08-18,Basic search,14628
RMIT,2014-08-19,Advanced search,1029
RMIT,2014-08-19,Basic search,14940
RMIT,2014-08-20,Advanced search,1103
RMIT,2014-08-20,Basic search,14150
RMIT,2014-08-21,Advanced search,1013
RMIT,2014-08-21,Basic search,13375
RMIT,2014-08-22,Advanced search,846
RMIT,2014-08-22,Basic search,12250
RMIT,2014-08-23,Advanced search,731
RMIT,2014-08-23,Basic search,10482
RMIT,2014-08-24,Advanced search,533
RMIT,2014-08-24,Basic search,10124
RMIT,2014-08-25,Advanced search,1192
RMIT,2014-08-25,Basic search,17934
RMIT,2014-08-26,Advanced search,899
RMIT,2014-08-26,Basic search,16307
RMIT,2014-08-27,Advanced search,1114
RMIT,2014-08-27,Basic search,16300
RMIT,2014-08-28,Advanced search,840
RMIT,2014-08-28,Basic search,15488
RMIT,2014-08-29,Advanced search,866
RMIT,2014-08-29,Basic search,12118
RMIT,2014-08-30,Advanced search,618
RMIT,2014-08-30,Basic search,9366
RMIT,2014-08-31,Advanced search,805
RMIT,2014-08-31,Basic search,12181
RMIT,2014-09-01,Advanced search,932
RMIT,2014-09-01,Basic search,12919
RMIT,2014-09-02,Advanced search,940
RMIT,2014-09-02,Basic search,12049
RMIT,2014-09-03,Advanced search,898
RMIT,2014-09-03,Basic search,13033
RMIT,2014-09-04,Advanced search,707
RMIT,2014-09-04,Basic search,12722
RMIT,2014-09-05,Advanced search,435
RMIT,2014-09-05,Basic search,8346
RMIT,2014-09-06,Advanced search,396
RMIT,2014-09-06,Basic search,6857
RMIT,2014-09-07,Advanced search,430
RMIT,2014-09-07,Basic search,10092
RMIT,2014-09-08,Advanced search,645
RMIT,2014-09-08,Basic search,13525
RMIT,2014-09-09,Advanced search,622
RMIT,2014-09-09,Basic search,12987
RMIT,2014-09-10,Advanced search,645
RMIT,2014-09-10,Basic search,11787
RMIT,2014-09-11,Advanced search,508
RMIT,2014-09-11,Basic search,10626
RMIT,2014-09-12,Advanced search,363
RMIT,2014-09-12,Basic search,8596
RMIT,2014-09-13,Advanced search,279
RMIT,2014-09-13,Basic search,6957
RMIT,2014-09-14,Advanced search,415
RMIT,2014-09-14,Basic search,8933
RMIT,2014-09-15,Advanced search,418
RMIT,2014-09-15,Basic search,10488
RMIT,2014-09-16,Advanced search,525
RMIT,2014-09-16,Basic search,10192
RMIT,2014-09-17,Advanced search,416
RMIT,2014-09-17,Basic search,9575
RMIT,2014-09-18,Advanced search,438
RMIT,2014-09-18,Basic search,10266
RMIT,2014-09-19,Advanced search,321
RMIT,2014-09-19,Basic search,7734
RMIT,2014-09-20,Advanced search,190
RMIT,2014-09-20,Basic search,5865
RMIT,2014-09-21,Advanced search,365
RMIT,2014-09-21,Basic search,8044
RMIT,2014-09-22,Advanced search,551
RMIT,2014-09-22,Basic search,10703
RMIT,2014-09-23,Advanced search,498
RMIT,2014-09-23,Basic search,9951
RMIT,2014-09-24,Advanced search,628
RMIT,2014-09-24,Basic search,9943
RMIT,2014-09-25,Advanced search,476
RMIT,2014-09-25,Basic search,9682
RMIT,2014-09-26,Advanced search,480
RMIT,2014-09-26,Basic search,7272
RMIT,2014-09-27,Advanced search,222
RMIT,2014-09-27,Basic search,4993
RMIT,2014-09-28,Advanced search,383
RMIT,2014-09-28,Basic search,7397
RMIT,2014-09-29,Advanced search,505
RMIT,2014-09-29,Basic search,9653
RMIT,2014-09-30,Advanced search,421
RMIT,2014-09-30,Basic search,8693
RMIT,2014-10-01,Advanced search,484
RMIT,2014-10-01,Basic search,8032
RMIT,2014-10-02,Advanced search,313
RMIT,2014-10-02,Basic search,8334
RMIT,2014-10-03,Advanced search,431
RMIT,2014-10-03,Basic search,7365
RMIT,2014-10-04,Advanced search,261
RMIT,2014-10-04,Basic search,6324
RMIT,2014-10-05,Advanced search,318
RMIT,2014-10-05,Basic search,8022
RMIT,2014-10-06,Advanced search,504
RMIT,2014-10-06,Basic search,10738
RMIT,2014-10-07,Advanced search,395
RMIT,2014-10-07,Basic search,10558
RMIT,2014-10-08,Advanced search,356
RMIT,2014-10-08,Basic search,10782
RMIT,2014-10-09,Advanced search,529
RMIT,2014-10-09,Basic search,9766
RMIT,2014-10-10,Advanced search,404
RMIT,2014-10-10,Basic search,7813
RMIT,2014-10-11,Advanced search,465
RMIT,2014-10-11,Basic search,8298
RMIT,2014-10-12,Advanced search,389
RMIT,2014-10-12,Basic search,10400
RMIT,2014-10-13,Advanced search,398
RMIT,2014-10-13,Basic search,9037
RMIT,2014-10-14,Advanced search,515
RMIT,2014-10-14,Basic search,11510
RMIT,2014-10-15,Advanced search,422
RMIT,2014-10-15,Basic search,11531
RMIT,2014-10-16,Advanced search,658
RMIT,2014-10-16,Basic search,11116
RMIT,2014-10-17,Advanced search,348
RMIT,2014-10-17,Basic search,9677
RMIT,2014-10-18,Advanced search,385
RMIT,2014-10-18,Basic search,7648
RMIT,2014-10-19,Advanced search,393
RMIT,2014-10-19,Basic search,10596
RMIT,2014-10-20,Advanced search,549
RMIT,2014-10-20,Basic search,11271
RMIT,2014-10-21,Advanced search,373
RMIT,2014-10-21,Basic search,9701
RMIT,2014-10-22,Advanced search,421
RMIT,2014-10-22,Basic search,9199
RMIT,2014-10-23,Advanced search,336
RMIT,2014-10-23,Basic search,8217
RMIT,2014-10-24,Advanced search,416
RMIT,2014-10-24,Basic search,7563
RMIT,2014-10-25,Advanced search,322
RMIT,2014-10-25,Basic search,5750
RMIT,2014-10-26,Advanced search,255
RMIT,2014-10-26,Basic search,7636
RMIT,2014-10-27,Advanced search,380
RMIT,2014-10-27,Basic search,7677
RMIT,2014-10-28,Advanced search,324
RMIT,2014-10-28,Basic search,6621
RMIT,2014-10-29,Advanced search,380
RMIT,2014-10-29,Basic search,6851
RMIT,2014-10-30,Advanced search,445
RMIT,2014-10-30,Basic search,6063
RMIT,2014-10-31,Advanced search,294
RMIT,2014-10-31,Basic search,4294
RMIT,2014-11-01,Advanced search,206
RMIT,2014-11-01,Basic search,3403
RMIT,2014-11-02,Advanced search,266
RMIT,2014-11-02,Basic search,4405
RMIT,2014-11-03,Advanced search,215
RMIT,2014-11-03,Basic search,4677
RMIT,2014-11-04,Advanced search,84
RMIT,2014-11-04,Basic search,1631
RMIT,2014-11-07,Advanced search,180
RMIT,2014-11-07,Basic search,3514
RMIT,2014-11-08,Advanced search,291
RMIT,2014-11-08,Basic search,2678
RMIT,2014-11-09,Advanced search,223
RMIT,2014-11-09,Basic search,2938
RMIT,2014-11-10,Advanced search,264
RMIT,2014-11-10,Basic search,3827
RMIT,2014-11-11,Advanced search,266
RMIT,2014-11-11,Basic search,3263
RMIT,2014-11-12,Advanced search,202
RMIT,2014-11-12,Basic search,3316
RMIT,2014-11-13,Advanced search,263
RMIT,2014-11-13,Basic search,3604
RMIT,2014-11-14,Advanced search,359
RMIT,2014-11-14,Basic search,2702
RMIT,2014-11-15,Advanced search,58
RMIT,2014-11-15,Basic search,1481
RMIT,2014-11-16,Advanced search,154
RMIT,2014-11-16,Basic search,2211
RMIT,2014-11-17,Advanced search,349
RMIT,2014-11-17,Basic search,3915
RMIT,2014-11-18,Advanced search,271
RMIT,2014-11-18,Basic search,3382
RMIT,2014-11-19,Advanced search,295
RMIT,2014-11-19,Basic search,4179
RMIT,2014-11-20,Advanced search,252
RMIT,2014-11-20,Basic search,3339
RMIT,2014-11-21,Advanced search,178
RMIT,2014-11-21,Basic search,2819
RMIT,2014-11-22,Advanced search,19
RMIT,2014-11-22,Basic search,931
RMIT,2014-11-23,Advanced search,145
RMIT,2014-11-23,Basic search,2754
RMIT,2014-11-24,Advanced search,184
RMIT,2014-11-24,Basic search,3500
RMIT,2014-11-25,Advanced search,222
RMIT,2014-11-25,Basic search,3028
RMIT,2014-11-26,Advanced search,351
RMIT,2014-11-26,Basic search,2694
RMIT,2014-11-27,Advanced search,283
RMIT,2014-11-27,Basic search,2950
RMIT,2014-11-28,Advanced search,198
RMIT,2014-11-28,Basic search,2344
RMIT,2014-11-29,Advanced search,3
RMIT,2014-11-29,Basic search,102
RMIT,2014-11-30,Advanced search,123
RMIT,2014-11-30,Basic search,2132
RMIT,2014-12-01,Advanced search,285
RMIT,2014-12-01,Basic search,2913
RMIT,2014-12-02,Advanced search,142
RMIT,2014-12-02,Basic search,2995
RMIT,2014-12-03,Advanced search,266
RMIT,2014-12-03,Basic search,3075
RMIT,2014-12-04,Advanced search,175
RMIT,2014-12-04,Basic search,2402
RMIT,2014-12-05,Advanced search,146
RMIT,2014-12-05,Basic search,1926
RMIT,2014-12-06,Advanced search,16
RMIT,2014-12-06,Basic search,994
RMIT,2014-12-07,Advanced search,73
RMIT,2014-12-07,Basic search,1620
RMIT,2014-12-08,Advanced search,217
RMIT,2014-12-08,Basic search,2832
RMIT,2014-12-09,Advanced search,319
RMIT,2014-12-09,Basic search,2820
RMIT,2014-12-10,Advanced search,254
RMIT,2014-12-10,Basic search,2529
RMIT,2014-12-11,Advanced search,193
RMIT,2014-12-11,Basic search,2268
RMIT,2014-12-12,Advanced search,123
RMIT,2014-12-12,Basic search,1824
RMIT,2014-12-13,Advanced search,82
RMIT,2014-12-13,Basic search,1302
RMIT,2014-12-14,Advanced search,160
RMIT,2014-12-14,Basic search,1559
RMIT,2014-12-15,Advanced search,122
RMIT,2014-12-15,Basic search,2597
RMIT,2014-12-16,Advanced search,153
RMIT,2014-12-16,Basic search,2289
RMIT,2014-12-17,Advanced search,121
RMIT,2014-12-17,Basic search,2214
RMIT,2014-12-18,Advanced search,209
RMIT,2014-12-18,Basic search,2470
RMIT,2014-12-19,Advanced search,110
RMIT,2014-12-19,Basic search,1759
RMIT,2014-12-20,Advanced search,62
RMIT,2014-12-20,Basic search,909
RMIT,2014-12-21,Advanced search,73
RMIT,2014-12-21,Basic search,1241
RMIT,2014-12-22,Advanced search,111
RMIT,2014-12-22,Basic search,1677
RMIT,2014-12-23,Advanced search,149
RMIT,2014-12-23,Basic search,1750
RMIT,2014-12-24,Advanced search,42
RMIT,2014-12-24,Basic search,954
RMIT,2014-12-25,Advanced search,32
RMIT,2014-12-25,Basic search,543
RMIT,2014-12-26,Advanced search,31
RMIT,2014-12-26,Basic search,825
RMIT,2014-12-27,Advanced search,33
RMIT,2014-12-27,Basic search,1123
RMIT,2014-12-28,Advanced search,33
RMIT,2014-12-28,Basic search,1168
RMIT,2014-12-29,Advanced search,85
RMIT,2014-12-29,Basic search,1482
RMIT,2014-12-30,Advanced search,106
RMIT,2014-12-30,Basic search,1551
RMIT,2014-12-31,Advanced search,28
RMIT,2014-12-31,Basic search,752
RMIT,2015-01-01,Advanced search,1
RMIT,2015-01-01,Basic search,39
RMIT,2015-01-02,Advanced search,12
RMIT,2015-01-02,Basic search,88
RMIT,2015-01-03,Advanced search,3
RMIT,2015-01-03,Basic search,96
RMIT,2015-01-04,Advanced search,1
RMIT,2015-01-04,Basic search,104
RMIT,2015-01-05,Advanced search,13
RMIT,2015-01-05,Basic search,167
RMIT,2015-01-06,Advanced search,14
RMIT,2015-01-06,Basic search,120
RMIT,2015-01-07,Advanced search,13
RMIT,2015-01-07,Basic search,146
RMIT,2015-01-08,Advanced search,41
RMIT,2015-01-08,Basic search,176
RMIT,2015-01-09,Advanced search,5
RMIT,2015-01-09,Basic search,123
RMIT,2015-01-10,Advanced search,8
RMIT,2015-01-10,Basic search,46
RMIT,2015-01-11,Advanced search,4
RMIT,2015-01-11,Basic search,83
RMIT,2015-01-12,Advanced search,14
RMIT,2015-01-12,Basic search,121
RMIT,2015-01-13,Advanced search,4
RMIT,2015-01-13,Basic search,115
RMIT,2015-01-14,Advanced search,6
RMIT,2015-01-14,Basic search,83
RMIT,2015-01-15,Advanced search,11
RMIT,2015-01-15,Basic search,96
RMIT,2015-01-16,Advanced search,2
RMIT,2015-01-16,Basic search,63
RMIT,2015-01-17,Advanced search,3
RMIT,2015-01-17,Basic search,60
RMIT,2015-01-18,Advanced search,15
RMIT,2015-01-18,Basic search,106
RMIT,2015-01-19,Advanced search,20
RMIT,2015-01-19,Basic search,146
RMIT,2015-01-20,Advanced search,27
RMIT,2015-01-20,Basic search,88
RMIT,2015-01-21,Advanced search,14
RMIT,2015-01-21,Basic search,103
RMIT,2015-01-22,Advanced search,13
RMIT,2015-01-22,Basic search,155
RMIT,2015-01-23,Advanced search,6
RMIT,2015-01-23,Basic search,117
RMIT,2015-01-24,Advanced search,9
RMIT,2015-01-24,Basic search,65
RMIT,2015-01-25,Advanced search,5
RMIT,2015-01-25,Basic search,67
RMIT,2015-01-26,Advanced search,11
RMIT,2015-01-26,Basic search,91
RMIT,2015-01-27,Advanced search,18
RMIT,2015-01-27,Basic search,144
RMIT,2015-01-28,Advanced search,13
RMIT,2015-01-28,Basic search,121
RMIT,2015-01-29,Advanced search,4
RMIT,2015-01-29,Basic search,132
RMIT,2015-01-30,Advanced search,13
RMIT,2015-01-30,Basic search,112
RMIT,2015-01-31,Advanced search,21
RMIT,2015-01-31,Basic search,92
RMIT,2015-02-01,Advanced search,22
RMIT,2015-02-01,Basic search,94
RMIT,2015-02-02,Advanced search,14
RMIT,2015-02-02,Basic search,182
RMIT,2015-02-03,Advanced search,12
RMIT,2015-02-03,Basic search,167
RMIT,2015-02-04,Advanced search,33
RMIT,2015-02-04,Basic search,185
RMIT,2015-02-05,Advanced search,5
RMIT,2015-02-05,Basic search,151
RMIT,2015-02-06,Advanced search,5
RMIT,2015-02-06,Basic search,99
RMIT,2015-02-07,Advanced search,9
RMIT,2015-02-07,Basic search,142
RMIT,2015-02-08,Advanced search,6
RMIT,2015-02-08,Basic search,128
RMIT,2015-02-09,Advanced search,8
RMIT,2015-02-09,Basic search,140
RMIT,2015-02-10,Advanced search,17
RMIT,2015-02-10,Basic search,155
RMIT,2015-02-11,Advanced search,15
RMIT,2015-02-11,Basic search,242
RMIT,2015-02-12,Advanced search,16
RMIT,2015-02-12,Basic search,146
RMIT,2015-02-13,Advanced search,21
RMIT,2015-02-13,Basic search,143
RMIT,2015-02-14,Advanced search,8
RMIT,2015-02-14,Basic search,138
RMIT,2015-02-15,Advanced search,1
RMIT,2015-02-15,Basic search,120
RMIT,2015-02-16,Advanced search,11
RMIT,2015-02-16,Basic search,217
RMIT,2015-02-17,Advanced search,20
RMIT,2015-02-17,Basic search,199
RMIT,2015-02-18,Advanced search,13
RMIT,2015-02-18,Basic search,211
RMIT,2015-02-19,Advanced search,3
RMIT,2015-02-19,Basic search,200
RMIT,2015-02-20,Advanced search,18
RMIT,2015-02-20,Basic search,181
RMIT,2015-02-21,Advanced search,9
RMIT,2015-02-21,Basic search,131
RMIT,2015-02-22,Advanced search,10
RMIT,2015-02-22,Basic search,235
RMIT,2015-02-23,Advanced search,11
RMIT,2015-02-23,Basic search,270
RMIT,2015-02-24,Advanced search,15
RMIT,2015-02-24,Basic search,239
RMIT,2015-02-25,Advanced search,5
RMIT,2015-02-25,Basic search,276
RMIT,2015-02-26,Advanced search,26
RMIT,2015-02-26,Basic search,179
RMIT,2015-02-27,Advanced search,8
RMIT,2015-02-27,Basic search,113
RMIT,2015-02-28,Advanced search,6
RMIT,2015-02-28,Basic search,64
RMIT,2015-03-01,Advanced search,3
RMIT,2015-03-01,Basic search,95
RMIT,2015-03-02,Advanced search,5
RMIT,2015-03-02,Basic search,89
RMIT,2015-03-03,Advanced search,13
RMIT,2015-03-03,Basic search,153
RMIT,2015-03-04,Advanced search,4
RMIT,2015-03-04,Basic search,106
RMIT,2015-03-05,Advanced search,9
RMIT,2015-03-05,Basic search,139
RMIT,2015-03-06,Advanced search,22
RMIT,2015-03-06,Basic search,62
RMIT,2015-03-07,Advanced search,5
RMIT,2015-03-07,Basic search,69
RMIT,2015-03-08,Basic search,70
RMIT,2015-03-09,Advanced search,13
RMIT,2015-03-09,Basic search,46
RMIT,2015-03-10,Advanced search,1
RMIT,2015-03-10,Basic search,79
RMIT,2015-03-11,Advanced search,4
RMIT,2015-03-11,Basic search,93
RMIT,2015-03-12,Advanced search,6
RMIT,2015-03-12,Basic search,136
RMIT,2015-03-13,Advanced search,3
RMIT,2015-03-13,Basic search,111
RMIT,2015-03-14,Advanced search,6
RMIT,2015-03-14,Basic search,97
RMIT,2015-03-15,Advanced search,11
RMIT,2015-03-15,Basic search,72
RMIT,2015-03-16,Advanced search,2
RMIT,2015-03-16,Basic search,92
RMIT,2015-03-17,Advanced search,14
RMIT,2015-03-17,Basic search,92
RMIT,2015-03-18,Advanced search,4
RMIT,2015-03-18,Basic search,96
RMIT,2015-03-19,Advanced search,6
RMIT,2015-03-19,Basic search,120
RMIT,2015-03-20,Advanced search,1
RMIT,2015-03-20,Basic search,59
RMIT,2015-03-21,Advanced search,3
RMIT,2015-03-21,Basic search,58
RMIT,2015-03-22,Advanced search,10
RMIT,2015-03-22,Basic search,83
RMIT,2015-03-23,Advanced search,14
RMIT,2015-03-23,Basic search,156
RMIT,2015-03-24,Advanced search,32
RMIT,2015-03-24,Basic search,97
RMIT,2015-03-25,Advanced search,6
RMIT,2015-03-25,Basic search,140
RMIT,2015-03-26,Advanced search,4
RMIT,2015-03-26,Basic search,73
RMIT,2015-03-27,Advanced search,4
RMIT,2015-03-27,Basic search,71
RMIT,2015-03-28,Advanced search,15
RMIT,2015-03-28,Basic search,62
RMIT,2015-03-29,Advanced search,6
RMIT,2015-03-29,Basic search,117
RMIT,2015-03-30,Advanced search,21
RMIT,2015-03-30,Basic search,120
RMIT,2015-03-31,Advanced search,20
RMIT,2015-03-31,Basic search,139
RMIT,2015-04-01,Advanced search,13
RMIT,2015-04-01,Basic search,146
RMIT,2015-04-02,Advanced search,15
RMIT,2015-04-02,Basic search,53
RMIT,2015-04-03,Advanced search,15
RMIT,2015-04-03,Basic search,72
RMIT,2015-04-04,Basic search,64
RMIT,2015-04-05,Advanced search,32
RMIT,2015-04-05,Basic search,84
RMIT,2015-04-06,Advanced search,11
RMIT,2015-04-06,Basic search,74
RMIT,2015-04-07,Advanced search,44
RMIT,2015-04-07,Basic search,95
RMIT,2015-04-08,Advanced search,41
RMIT,2015-04-08,Basic search,69
RMIT,2015-04-09,Advanced search,8
RMIT,2015-04-09,Basic search,95
RMIT,2015-04-10,Advanced search,19
RMIT,2015-04-10,Basic search,71
RMIT,2015-04-11,Advanced search,24
RMIT,2015-04-11,Basic search,89
RMIT,2015-04-12,Advanced search,36
RMIT,2015-04-12,Basic search,88
RMIT,2015-04-13,Advanced search,33
RMIT,2015-04-13,Basic search,76
RMIT,2015-04-14,Advanced search,15
RMIT,2015-04-14,Basic search,202
RMIT,2015-04-15,Advanced search,8
RMIT,2015-04-15,Basic search,81
RMIT,2015-04-16,Advanced search,7
RMIT,2015-04-16,Basic search,69
RMIT,2015-04-17,Advanced search,1
RMIT,2015-04-17,Basic search,106
RMIT,2015-04-18,Advanced search,4
RMIT,2015-04-18,Basic search,43
RMIT,2015-04-19,Advanced search,4
RMIT,2015-04-19,Basic search,50
RMIT,2015-04-20,Advanced search,1
RMIT,2015-04-20,Basic search,108
RMIT,2015-04-21,Advanced search,17
RMIT,2015-04-21,Basic search,87
RMIT,2015-04-22,Advanced search,12
RMIT,2015-04-22,Basic search,81
RMIT,2015-04-23,Advanced search,5
RMIT,2015-04-23,Basic search,82
RMIT,2015-04-24,Advanced search,12
RMIT,2015-04-24,Basic search,49
RMIT,2015-04-25,Basic search,43
RMIT,2015-04-26,Basic search,82
RMIT,2015-04-27,Advanced search,17
RMIT,2015-04-27,Basic search,92
RMIT,2015-04-28,Advanced search,17
RMIT,2015-04-28,Basic search,83
RMIT,2015-04-29,Advanced search,3
RMIT,2015-04-29,Basic search,114
RMIT,2015-04-30,Advanced search,2
RMIT,2015-04-30,Basic search,51
RMIT,2015-05-01,Advanced search,427
RMIT,2015-05-01,Basic search,10389
RMIT,2015-05-02,Advanced search,348
RMIT,2015-05-02,Basic search,7866
RMIT,2015-05-03,Advanced search,935
RMIT,2015-05-03,Basic search,10722
RMIT,2015-05-04,Advanced search,843
RMIT,2015-05-04,Basic search,13515
RMIT,2015-05-05,Advanced search,714
RMIT,2015-05-05,Basic search,12326
RMIT,2015-05-06,Advanced search,680
RMIT,2015-05-06,Basic search,10919
RMIT,2015-05-07,Advanced search,657
RMIT,2015-05-07,Basic search,11856
RMIT,2015-05-08,Advanced search,616
RMIT,2015-05-08,Basic search,9998
RMIT,2015-05-09,Advanced search,602
RMIT,2015-05-09,Basic search,8348
RMIT,2015-05-10,Advanced search,834
RMIT,2015-05-10,Basic search,9930
RMIT,2015-05-11,Advanced search,1092
RMIT,2015-05-11,Basic search,14341
RMIT,2015-05-12,Advanced search,789
RMIT,2015-05-12,Basic search,12868
RMIT,2015-05-13,Advanced search,665
RMIT,2015-05-13,Basic search,12214
RMIT,2015-05-14,Advanced search,666
RMIT,2015-05-14,Basic search,12408
RMIT,2015-05-15,Advanced search,573
RMIT,2015-05-15,Basic search,9295
RMIT,2015-05-16,Advanced search,647
RMIT,2015-05-16,Basic search,7819
RMIT,2015-05-17,Advanced search,554
RMIT,2015-05-17,Basic search,10172
RMIT,2015-05-18,Advanced search,693
RMIT,2015-05-18,Basic search,12937
RMIT,2015-05-19,Advanced search,677
RMIT,2015-05-19,Basic search,14093
RMIT,2015-05-20,Advanced search,907
RMIT,2015-05-20,Basic search,13054
RMIT,2015-05-21,Advanced search,661
RMIT,2015-05-21,Basic search,12584
RMIT,2015-05-22,Advanced search,562
RMIT,2015-05-22,Basic search,9953
RMIT,2015-05-23,Advanced search,477
RMIT,2015-05-23,Basic search,8101
RMIT,2015-05-24,Advanced search,601
RMIT,2015-05-24,Basic search,10599
RMIT,2015-05-25,Advanced search,704
RMIT,2015-05-25,Basic search,12857
RMIT,2015-05-26,Advanced search,756
RMIT,2015-05-26,Basic search,12855
RMIT,2015-05-27,Advanced search,599
RMIT,2015-05-27,Basic search,12738
RMIT,2015-05-28,Advanced search,658
RMIT,2015-05-28,Basic search,12566
RMIT,2015-05-29,Advanced search,404
RMIT,2015-05-29,Basic search,10257
RMIT,2015-05-30,Advanced search,490
RMIT,2015-05-30,Basic search,8341
RMIT,2015-05-31,Advanced search,543
RMIT,2015-05-31,Basic search,11218
RMIT,2015-06-01,Advanced search,757
RMIT,2015-06-01,Basic search,14269
RMIT,2015-06-02,Advanced search,552
RMIT,2015-06-02,Basic search,12678
RMIT,2015-06-03,Advanced search,446
RMIT,2015-06-03,Basic search,11905
RMIT,2015-06-04,Advanced search,590
RMIT,2015-06-04,Basic search,12318
RMIT,2015-06-05,Advanced search,526
RMIT,2015-06-05,Basic search,9896
RMIT,2015-06-06,Advanced search,235
RMIT,2015-06-06,Basic search,8439
RMIT,2015-06-07,Advanced search,449
RMIT,2015-06-07,Basic search,8789
RMIT,2015-06-08,Advanced search,414
RMIT,2015-06-08,Basic search,8630
RMIT,2015-06-09,Advanced search,355
RMIT,2015-06-09,Basic search,8337
RMIT,2015-06-10,Advanced search,413
RMIT,2015-06-10,Basic search,7925
RMIT,2015-06-11,Advanced search,490
RMIT,2015-06-11,Basic search,6792
RMIT,2015-06-12,Advanced search,235
RMIT,2015-06-12,Basic search,5905
RMIT,2015-06-13,Advanced search,106
RMIT,2015-06-13,Basic search,3611
RMIT,2015-06-14,Advanced search,107
RMIT,2015-06-14,Basic search,2756
RMIT,2015-06-15,Advanced search,161
RMIT,2015-06-15,Basic search,5320
RMIT,2015-06-16,Advanced search,154
RMIT,2015-06-16,Basic search,2687
RMIT,2015-06-17,Advanced search,316
RMIT,2015-06-17,Basic search,4135
RMIT,2015-06-18,Advanced search,271
RMIT,2015-06-18,Basic search,3978
RMIT,2015-06-19,Advanced search,209
RMIT,2015-06-19,Basic search,3369
RMIT,2015-06-20,Advanced search,130
RMIT,2015-06-20,Basic search,2420
RMIT,2015-06-21,Advanced search,162
RMIT,2015-06-21,Basic search,2935
RMIT,2015-06-22,Advanced search,276
RMIT,2015-06-22,Basic search,4171
RMIT,2015-06-23,Advanced search,198
RMIT,2015-06-23,Basic search,3958
RMIT,2015-06-24,Advanced search,151
RMIT,2015-06-24,Basic search,3243
RMIT,2015-06-25,Advanced search,157
RMIT,2015-06-25,Basic search,3058
RMIT,2015-06-26,Advanced search,151
RMIT,2015-06-26,Basic search,2521
RMIT,2015-06-27,Advanced search,35
RMIT,2015-06-27,Basic search,1204
RMIT,2015-06-28,Advanced search,82
RMIT,2015-06-28,Basic search,1977
RMIT,2015-06-29,Advanced search,202
RMIT,2015-06-29,Basic search,3355
RMIT,2015-06-30,Advanced search,250
RMIT,2015-06-30,Basic search,3264
RMIT,2015-07-01,Advanced search,276
RMIT,2015-07-01,Basic search,3256
RMIT,2015-07-02,Advanced search,210
RMIT,2015-07-02,Basic search,3199
RMIT,2015-07-03,Advanced search,176
RMIT,2015-07-03,Basic search,2535
RMIT,2015-07-04,Advanced search,88
RMIT,2015-07-04,Basic search,1344
RMIT,2015-07-05,Advanced search,105
RMIT,2015-07-05,Basic search,1698
RMIT,2015-07-06,Advanced search,191
RMIT,2015-07-06,Basic search,3791
RMIT,2015-07-07,Advanced search,137
RMIT,2015-07-07,Basic search,3690
RMIT,2015-07-08,Advanced search,265
RMIT,2015-07-08,Basic search,4051
RMIT,2015-07-09,Advanced search,217
RMIT,2015-07-09,Basic search,3705
RMIT,2015-07-10,Advanced search,260
RMIT,2015-07-10,Basic search,3384
RMIT,2015-07-11,Advanced search,73
RMIT,2015-07-11,Basic search,1670
RMIT,2015-07-12,Advanced search,104
RMIT,2015-07-12,Basic search,2448
RMIT,2015-07-13,Advanced search,291
RMIT,2015-07-13,Basic search,5236
RMIT,2015-07-14,Advanced search,228
RMIT,2015-07-14,Basic search,4969
RMIT,2015-07-15,Advanced search,263
RMIT,2015-07-15,Basic search,5272
RMIT,2015-07-16,Advanced search,403
RMIT,2015-07-16,Basic search,4968
RMIT,2015-07-17,Advanced search,153
RMIT,2015-07-17,Basic search,4810
RMIT,2015-07-18,Advanced search,129
RMIT,2015-07-18,Basic search,2308
RMIT,2015-07-19,Advanced search,205
RMIT,2015-07-19,Basic search,3834
RMIT,2015-07-20,Advanced search,433
RMIT,2015-07-20,Basic search,8363
RMIT,2015-07-21,Advanced search,350
RMIT,2015-07-21,Basic search,9058
RMIT,2015-07-22,Advanced search,473
RMIT,2015-07-22,Basic search,8761
RMIT,2015-07-23,Advanced search,380
RMIT,2015-07-23,Basic search,8211
RMIT,2015-07-24,Advanced search,270
RMIT,2015-07-24,Basic search,6993
RMIT,2015-07-25,Advanced search,172
RMIT,2015-07-25,Basic search,4195
RMIT,2015-07-26,Advanced search,305
RMIT,2015-07-26,Basic search,6842
RMIT,2015-07-27,Advanced search,570
RMIT,2015-07-27,Basic search,9779
RMIT,2015-07-28,Advanced search,560
RMIT,2015-07-28,Basic search,10138
RMIT,2015-07-29,Advanced search,636
RMIT,2015-07-29,Basic search,9961
RMIT,2015-07-30,Advanced search,628
RMIT,2015-07-30,Basic search,9352
RMIT,2015-07-31,Advanced search,330
RMIT,2015-07-31,Basic search,8183
RMIT,2015-08-01,Advanced search,402
RMIT,2015-08-01,Basic search,5783
RMIT,2015-08-02,Advanced search,384
RMIT,2015-08-02,Basic search,7378
RMIT,2015-08-03,Advanced search,590
RMIT,2015-08-03,Basic search,11780
RMIT,2015-08-04,Advanced search,588
RMIT,2015-08-04,Basic search,12799
RMIT,2015-08-05,Advanced search,643
RMIT,2015-08-05,Basic search,12623
RMIT,2015-08-06,Advanced search,618
RMIT,2015-08-06,Basic search,13452
RMIT,2015-08-07,Advanced search,462
RMIT,2015-08-07,Basic search,10474
RMIT,2015-08-08,Advanced search,387
RMIT,2015-08-08,Basic search,8862
RMIT,2015-08-09,Advanced search,619
RMIT,2015-08-09,Basic search,12362
RMIT,2015-08-10,Advanced search,872
RMIT,2015-08-10,Basic search,16914
RMIT,2015-08-11,Advanced search,709
RMIT,2015-08-11,Basic search,15057
RMIT,2015-08-12,Advanced search,733
RMIT,2015-08-12,Basic search,16606
RMIT,2015-08-13,Advanced search,701
RMIT,2015-08-13,Basic search,16576
RMIT,2015-08-14,Advanced search,698
RMIT,2015-08-14,Basic search,13433
RMIT,2015-08-15,Advanced search,657
RMIT,2015-08-15,Basic search,10363
RMIT,2015-08-16,Advanced search,710
RMIT,2015-08-16,Basic search,13576
RMIT,2015-08-17,Advanced search,882
RMIT,2015-08-17,Basic search,16627
RMIT,2015-08-18,Advanced search,781
RMIT,2015-08-18,Basic search,16646
RMIT,2015-08-19,Advanced search,874
RMIT,2015-08-19,Basic search,17065
RMIT,2015-08-20,Advanced search,937
RMIT,2015-08-20,Basic search,16931
RMIT,2015-08-21,Advanced search,667
RMIT,2015-08-21,Basic search,13403
RMIT,2015-08-22,Advanced search,681
RMIT,2015-08-22,Basic search,12363
RMIT,2015-08-23,Advanced search,877
RMIT,2015-08-23,Basic search,16841
RMIT,2015-08-24,Advanced search,809
RMIT,2015-08-24,Basic search,16708
RMIT,2015-08-25,Advanced search,851
RMIT,2015-08-25,Basic search,19288
RMIT,2015-08-26,Advanced search,939
RMIT,2015-08-26,Basic search,20379
RMIT,2015-08-27,Advanced search,911
RMIT,2015-08-27,Basic search,20396
RMIT,2015-08-28,Advanced search,719
RMIT,2015-08-28,Basic search,14328
RMIT,2015-08-29,Advanced search,545
RMIT,2015-08-29,Basic search,9170
RMIT,2015-08-30,Advanced search,656
RMIT,2015-08-30,Basic search,11380
RMIT,2015-08-31,Advanced search,987
RMIT,2015-08-31,Basic search,15176
RMIT,2015-09-01,Advanced search,947
RMIT,2015-09-01,Basic search,13991
RMIT,2015-09-02,Advanced search,929
RMIT,2015-09-02,Basic search,15525
RMIT,2015-09-03,Advanced search,937
RMIT,2015-09-03,Basic search,15140
RMIT,2015-09-04,Advanced search,532
RMIT,2015-09-04,Basic search,10735
RMIT,2015-09-05,Advanced search,445
RMIT,2015-09-05,Basic search,7219
RMIT,2015-09-06,Advanced search,566
RMIT,2015-09-06,Basic search,9951
RMIT,2015-09-07,Advanced search,633
RMIT,2015-09-07,Basic search,13984
RMIT,2015-09-08,Advanced search,565
RMIT,2015-09-08,Basic search,13009
RMIT,2015-09-09,Advanced search,622
RMIT,2015-09-09,Basic search,13291
RMIT,2015-09-10,Advanced search,721
RMIT,2015-09-10,Basic search,13034
RMIT,2015-09-11,Advanced search,670
RMIT,2015-09-11,Basic search,11045
RMIT,2015-09-12,Advanced search,379
RMIT,2015-09-12,Basic search,9776
RMIT,2015-09-13,Advanced search,658
RMIT,2015-09-13,Basic search,11601
RMIT,2015-09-14,Advanced search,636
RMIT,2015-09-14,Basic search,14248
RMIT,2015-09-15,Advanced search,648
RMIT,2015-09-15,Basic search,14448
RMIT,2015-09-16,Advanced search,594
RMIT,2015-09-16,Basic search,14091
RMIT,2015-09-17,Advanced search,608
RMIT,2015-09-17,Basic search,14635
RMIT,2015-09-18,Advanced search,493
RMIT,2015-09-18,Basic search,10929
RMIT,2015-09-19,Advanced search,356
RMIT,2015-09-19,Basic search,8346
RMIT,2015-09-20,Advanced search,517
RMIT,2015-09-20,Basic search,10324
RMIT,2015-09-21,Advanced search,584
RMIT,2015-09-21,Basic search,13035
RMIT,2015-09-22,Advanced search,500
RMIT,2015-09-22,Basic search,11923
RMIT,2015-09-23,Advanced search,574
RMIT,2015-09-23,Basic search,11298
RMIT,2015-09-24,Advanced search,545
RMIT,2015-09-24,Basic search,11451
RMIT,2015-09-25,Advanced search,464
RMIT,2015-09-25,Basic search,9497
RMIT,2015-09-26,Advanced search,325
RMIT,2015-09-26,Basic search,8285
RMIT,2015-09-27,Advanced search,527
RMIT,2015-09-27,Basic search,9851
RMIT,2015-09-28,Advanced search,539
RMIT,2015-09-28,Basic search,11927
RMIT,2015-09-29,Advanced search,654
RMIT,2015-09-29,Basic search,12633
RMIT,2015-09-30,Advanced search,513
RMIT,2015-09-30,Basic search,11305
RMIT,2015-10-01,Advanced search,526
RMIT,2015-10-01,Basic search,10493
RMIT,2015-10-02,Advanced search,277
RMIT,2015-10-02,Basic search,8631
RMIT,2015-10-03,Advanced search,320
RMIT,2015-10-03,Basic search,7622
RMIT,2015-10-04,Advanced search,460
RMIT,2015-10-04,Basic search,9656
RMIT,2015-10-05,Advanced search,593
RMIT,2015-10-05,Basic search,13192
RMIT,2015-10-06,Advanced search,648
RMIT,2015-10-06,Basic search,13984
RMIT,2015-10-07,Advanced search,497
RMIT,2015-10-07,Basic search,13338
RMIT,2015-10-08,Advanced search,540
RMIT,2015-10-08,Basic search,12831
RMIT,2015-10-09,Advanced search,318
RMIT,2015-10-09,Basic search,9497
RMIT,2015-10-10,Advanced search,355
RMIT,2015-10-10,Basic search,9533
RMIT,2015-10-11,Advanced search,439
RMIT,2015-10-11,Basic search,11828
RMIT,2015-10-12,Advanced search,513
RMIT,2015-10-12,Basic search,14570
RMIT,2015-10-13,Advanced search,460
RMIT,2015-10-13,Basic search,13855
RMIT,2015-10-14,Advanced search,531
RMIT,2015-10-14,Basic search,14997
RMIT,2015-10-15,Advanced search,468
RMIT,2015-10-15,Basic search,14899
RMIT,2015-10-16,Advanced search,621
RMIT,2015-10-16,Basic search,12955
RMIT,2015-10-17,Advanced search,565
RMIT,2015-10-17,Basic search,10704
RMIT,2015-10-18,Advanced search,631
RMIT,2015-10-18,Basic search,13052
RMIT,2015-10-19,Advanced search,554
RMIT,2015-10-19,Basic search,14049
RMIT,2015-10-20,Advanced search,522
RMIT,2015-10-20,Basic search,13241
RMIT,2015-10-21,Advanced search,581
RMIT,2015-10-21,Basic search,13724
RMIT,2015-10-22,Advanced search,666
RMIT,2015-10-22,Basic search,13420
RMIT,2015-10-23,Advanced search,431
RMIT,2015-10-23,Basic search,9402
RMIT,2015-10-24,Advanced search,344
RMIT,2015-10-24,Basic search,6093
RMIT,2015-10-25,Advanced search,335
RMIT,2015-10-25,Basic search,8176
RMIT,2015-10-26,Advanced search,337
RMIT,2015-10-26,Basic search,9921
RMIT,2015-10-27,Advanced search,353
RMIT,2015-10-27,Basic search,9054
RMIT,2015-10-28,Advanced search,319
RMIT,2015-10-28,Basic search,8838
RMIT,2015-10-29,Advanced search,298
RMIT,2015-10-29,Basic search,7896
RMIT,2015-10-30,Advanced search,334
RMIT,2015-10-30,Basic search,6179
RMIT,2015-10-31,Advanced search,196
RMIT,2015-10-31,Basic search,3549
RMIT,2015-11-01,Advanced search,185
RMIT,2015-11-01,Basic search,4512
RMIT,2015-11-02,Advanced search,208
RMIT,2015-11-02,Basic search,5159
RMIT,2015-11-03,Advanced search,196
RMIT,2015-11-03,Basic search,4913
RMIT,2015-11-04,Advanced search,276
RMIT,2015-11-04,Basic search,5753
RMIT,2015-11-05,Advanced search,171
RMIT,2015-11-05,Basic search,4908
RMIT,2015-11-06,Advanced search,190
RMIT,2015-11-06,Basic search,3651
RMIT,2015-11-07,Advanced search,93
RMIT,2015-11-07,Basic search,2628
RMIT,2015-11-08,Advanced search,157
RMIT,2015-11-08,Basic search,3364
RMIT,2015-11-09,Advanced search,244
RMIT,2015-11-09,Basic search,5138
RMIT,2015-11-10,Advanced search,224
RMIT,2015-11-10,Basic search,4426
RMIT,2015-11-11,Advanced search,177
RMIT,2015-11-11,Basic search,4341
RMIT,2015-11-12,Advanced search,457
RMIT,2015-11-12,Basic search,4077
RMIT,2015-11-13,Advanced search,198
RMIT,2015-11-13,Basic search,3016
RMIT,2015-11-14,Advanced search,98
RMIT,2015-11-14,Basic search,1906
RMIT,2015-11-15,Advanced search,304
RMIT,2015-11-15,Basic search,3277
RMIT,2015-11-16,Advanced search,336
RMIT,2015-11-16,Basic search,4410
RMIT,2015-11-17,Advanced search,343
RMIT,2015-11-17,Basic search,4573
RMIT,2015-11-18,Advanced search,285
RMIT,2015-11-18,Basic search,4096
RMIT,2015-11-19,Advanced search,227
RMIT,2015-11-19,Basic search,3631
RMIT,2015-11-20,Advanced search,232
RMIT,2015-11-20,Basic search,2934
RMIT,2015-11-21,Advanced search,128
RMIT,2015-11-21,Basic search,1938
RMIT,2015-11-22,Advanced search,159
RMIT,2015-11-22,Basic search,2518
RMIT,2015-11-23,Advanced search,338
RMIT,2015-11-23,Basic search,4117
RMIT,2015-11-24,Advanced search,286
RMIT,2015-11-24,Basic search,4037
RMIT,2015-11-25,Advanced search,212
RMIT,2015-11-25,Basic search,4218
RMIT,2015-11-26,Advanced search,450
RMIT,2015-11-26,Basic search,4878
RMIT,2015-11-27,Advanced search,230
RMIT,2015-11-27,Basic search,3257
RMIT,2015-11-28,Advanced search,30
RMIT,2015-11-28,Basic search,1879
RMIT,2015-11-29,Advanced search,130
RMIT,2015-11-29,Basic search,2776
RMIT,2015-11-30,Advanced search,118
RMIT,2015-11-30,Basic search,3756
RMIT,2015-12-01,Advanced search,171
RMIT,2015-12-01,Basic search,3639
RMIT,2015-12-02,Advanced search,161
RMIT,2015-12-02,Basic search,3497
RMIT,2015-12-03,Advanced search,210
RMIT,2015-12-03,Basic search,3134
RMIT,2015-12-04,Advanced search,357
RMIT,2015-12-04,Basic search,2653
RMIT,2015-12-05,Advanced search,109
RMIT,2015-12-05,Basic search,1578
RMIT,2015-12-06,Advanced search,177
RMIT,2015-12-06,Basic search,2185
RMIT,2015-12-07,Advanced search,273
RMIT,2015-12-07,Basic search,4030
RMIT,2015-12-08,Advanced search,169
RMIT,2015-12-08,Basic search,3003
RMIT,2015-12-09,Advanced search,142
RMIT,2015-12-09,Basic search,3211
RMIT,2015-12-10,Advanced search,161
RMIT,2015-12-10,Basic search,2892
RMIT,2015-12-11,Advanced search,81
RMIT,2015-12-11,Basic search,2339
RMIT,2015-12-12,Advanced search,91
RMIT,2015-12-12,Basic search,1640
RMIT,2015-12-13,Advanced search,91
RMIT,2015-12-13,Basic search,1915
RMIT,2015-12-14,Advanced search,138
RMIT,2015-12-14,Basic search,2828
RMIT,2015-12-15,Advanced search,167
RMIT,2015-12-15,Basic search,2654
